Status,Data,Código do Item,CNPJ,Razão Social,Descrição do Item,Unidade de Fornecimento,Quantidade,Valor Unitário,Valor Total do Item
Encerrado,21 de dez. de 2020,1206300600029202000009,4547497000113,ELETRICA MANAUS LTDA.,LUVA SEGURANÇA,PAR,1200,25,30000
Encerrado,21 de dez. de 2020,1206300600029202000002,29940894000181,MAIS OPCOES - COMERCIO E INCORPORACAO DE EMPREENDIMENTOS EIRELI,MÁSCARA DESCARTÁVEL USO GERAL,UNIDADE,5500,2.5,13750
Encerrado,21 de dez. de 2020,1206300600029202000001,29940894000181,MAIS OPCOES - COMERCIO E INCORPORACAO DE EMPREENDIMENTOS EIRELI,ÁLCOOL ETÍLICO LIMPEZA DE AMBIENTES,FRASCO,1000,12,12000
Encerrado,21 de dez. de 2020,1206300600029202000006,4547497000113,ELETRICA MANAUS LTDA.,AVENTAL,UNIDADE,220,30,6600
Encerrado,21 de dez. de 2020,1206300600029202000005,4547497000113,ELETRICA MANAUS LTDA.,ÓCULOS DE PROTEÇÃO INDIVIDUAL,UNIDADE,420,14,5880
Encerrado,21 de dez. de 2020,1206300600029202000007,4547497000113,ELETRICA MANAUS LTDA.,ÁLCOOL PROPÍLICO,LITRO,160,35,5600
Encerrado,21 de dez. de 2020,1206300600029202000008,4547497000113,ELETRICA MANAUS LTDA.,LUVA DE PROTEÇÃO,PAR,900,5.6,5040
Encerrado,21 de dez. de 2020,1206300600029202000004,4547497000113,ELETRICA MANAUS LTDA.,BORRIFADOR,UNIDADE,318,15,4770
Encerrado,21 de dez. de 2020,1206300600029202000003,29940894000181,MAIS OPCOES - COMERCIO E INCORPORACAO DE EMPREENDIMENTOS EIRELI,LUVA DE PROTEÇÃO,CAIXA,120,20,2400
Encerrado,10 de dez. de 2020,1206340600055202000001,10479861000158,SERV-RIO TERCEIRIZACAO E SERVICOS LTDA,PRESTAÇÃO DE SERVIÇO DE LIMPEZA E CONSERVAÇÃO - ÁREAS HOSPI-TALARES - 44 HORAS SEMANAIS DIURNAS - PRODUTIVIDADE 330 M2,METRO QUADRADO,1,384020.86,384020.86
Encerrado,4 de dez. de 2020,1206330600196202000001,2856983000198,BYOGENE COMERCIO DE PRODUTOS PARA LABORATORIO CLINICO E HOSPITALAR LTDA.,MEIO DE CULTURA,UNIDADE,200,40.07,8014
Encerrado,4 de dez. de 2020,1206330600196202000002,2856983000198,BYOGENE COMERCIO DE PRODUTOS PARA LABORATORIO CLINICO E HOSPITALAR LTDA.,MEIO DE CULTURA,UNIDADE,200,40.06,8012
Encerrado,3 de dez. de 2020,1201950600179202000003,21268634000108,MULTIPLIER DISTRIBUIDORA EIRELI,SAL,QUILOGRAMA,250,3.88,970
Encerrado,1 de dez. de 2020,1201950600179202000004,21268634000108,MULTIPLIER DISTRIBUIDORA EIRELI,HIPOCLORITO DE SÓDIO,LITRO,60,9,540
Encerrado,25 de nov. de 2020,1206300600026202000002,14354672000100,AMAZON ONE COMERCIO DE PRODUTOS ALIMENTICIOS LTDA,TOTEM IDENTIFICAÇÃO,UNIDADE,98,550,53900
Encerrado,25 de nov. de 2020,1206300600026202000001,14354672000100,AMAZON ONE COMERCIO DE PRODUTOS ALIMENTICIOS LTDA,TAPETE,UNIDADE,142,337,47854
Encerrado,25 de nov. de 2020,1206450600071202000003,3282047000183,TOTAL LINE COMERCIO E SERVICOS LTDA,ELÁSTICO VESTUÁRIO,ROLO,90,67,6030
Encerrado,25 de nov. de 2020,1206450600070202000003,3282047000183,TOTAL LINE COMERCIO E SERVICOS LTDA,ELÁSTICO VESTUÁRIO,ROLO,50,67,3350
Encerrado,25 de nov. de 2020,1206450600070202000001,3282047000183,TOTAL LINE COMERCIO E SERVICOS LTDA,SACO,UNIDADE,20,55,1100
Encerrado,25 de nov. de 2020,1206450600071202000004,3282047000183,TOTAL LINE COMERCIO E SERVICOS LTDA,LINHA COSTURA,UNIDADE,10,90,900
Encerrado,25 de nov. de 2020,1206450600070202000005,3282047000183,TOTAL LINE COMERCIO E SERVICOS LTDA,GUILHOTINA,UNIDADE,2,332,664
Encerrado,25 de nov. de 2020,1206450600071202000002,3282047000183,TOTAL LINE COMERCIO E SERVICOS LTDA,TESOURA COSTURA,UNIDADE,40,15,600
Encerrado,25 de nov. de 2020,1206450600071202000001,3282047000183,TOTAL LINE COMERCIO E SERVICOS LTDA,SACO,UNIDADE,10,45,450
Encerrado,25 de nov. de 2020,1206450600070202000004,3282047000183,TOTAL LINE COMERCIO E SERVICOS LTDA,LINHA COSTURA,UNIDADE,15,22,330
Encerrado,25 de nov. de 2020,1206450600070202000002,3282047000183,TOTAL LINE COMERCIO E SERVICOS LTDA,TESOURA COSTURA,UNIDADE,10,14,140
Encerrado,23 de nov. de 2020,1206330600154202000001,11215901000117,CIRURGICA BIOMEDICA - EIRELI,LUVA PARA PROCEDIMENTO NÃO CIRÚRGICO,CAIXA,4000,48.9,195600
Encerrado,19 de nov. de 2020,1206250600049202000003,3177123000190,ALAIDE ALVES DOS SANTOS,CAMISA UNIFORME,UNIDADE,100,63,6300
Encerrado,19 de nov. de 2020,1206250600049202000001,3177123000190,ALAIDE ALVES DOS SANTOS,TOALHA BANHO,UNIDADE,150,21.66,3249
Encerrado,19 de nov. de 2020,1206250600049202000002,3177123000190,ALAIDE ALVES DOS SANTOS,TOALHA ROSTO,UNIDADE,150,15.66,2349
Encerrado,17 de nov. de 2020,1206250600049202000013,3177123000190,ALAIDE ALVES DOS SANTOS,ROUPA PROTEÇÃO FIM ESPECÍFICO,UNIDADE,100,63,6300
Encerrado,17 de nov. de 2020,1206250600049202000014,3177123000190,ALAIDE ALVES DOS SANTOS,ROUPA PROTEÇÃO FIM ESPECÍFICO,UNIDADE,100,63,6300
Encerrado,17 de nov. de 2020,1206250600049202000015,3177123000190,ALAIDE ALVES DOS SANTOS,ROUPA PROTEÇÃO FIM ESPECÍFICO,UNIDADE,100,63,6300
Encerrado,17 de nov. de 2020,1206250600049202000012,3177123000190,ALAIDE ALVES DOS SANTOS,ROUPA PROTEÇÃO FIM ESPECÍFICO,UNIDADE,100,63,6300
Encerrado,17 de nov. de 2020,1206250600049202000011,3177123000190,ALAIDE ALVES DOS SANTOS,ROUPA PROTEÇÃO FIM ESPECÍFICO,UNIDADE,100,63,6300
Encerrado,17 de nov. de 2020,1206250600049202000010,3177123000190,ALAIDE ALVES DOS SANTOS,ROUPA PROTEÇÃO FIM ESPECÍFICO,UNIDADE,100,63,6300
Encerrado,17 de nov. de 2020,1206250600049202000009,3177123000190,ALAIDE ALVES DOS SANTOS,ROUPA PROTEÇÃO FIM ESPECÍFICO,UNIDADE,100,63,6300
Encerrado,17 de nov. de 2020,1206250600049202000008,3177123000190,ALAIDE ALVES DOS SANTOS,ROUPA PROTEÇÃO FIM ESPECÍFICO,UNIDADE,100,63,6300
Encerrado,17 de nov. de 2020,1206250600049202000007,3177123000190,ALAIDE ALVES DOS SANTOS,ROUPA PROTEÇÃO FIM ESPECÍFICO,UNIDADE,100,63,6300
Encerrado,17 de nov. de 2020,1206250600049202000006,3177123000190,ALAIDE ALVES DOS SANTOS,ROUPA PROTEÇÃO FIM ESPECÍFICO,UNIDADE,100,63,6300
Encerrado,17 de nov. de 2020,1206250600049202000005,3177123000190,ALAIDE ALVES DOS SANTOS,ROUPA PROTEÇÃO FIM ESPECÍFICO,UNIDADE,100,63,6300
Encerrado,17 de nov. de 2020,1206250600049202000004,3177123000190,ALAIDE ALVES DOS SANTOS,ROUPA PROTEÇÃO FIM ESPECÍFICO,UNIDADE,100,63,6300
Encerrado,16 de nov. de 2020,1201950600179202000006,5953723000129,SENIR EMBALAGENS LTDA,FRASCO - TIPO ALMOTOLIA,UNIDADE,15000,0.62,9300
Encerrado,16 de nov. de 2020,1201950600179202000005,5953723000129,SENIR EMBALAGENS LTDA,FRASCO - TIPO ALMOTOLIA,UNIDADE,3000,2.18,6540
Encerrado,16 de nov. de 2020,1201950600179202000008,11422711000170,FIT PLAST AUTO ADESIVOS LTDA,ADESIVO USO GERAL,UNIDADE,15000,0.14,2100
Encerrado,16 de nov. de 2020,1201950600179202000007,11422711000170,FIT PLAST AUTO ADESIVOS LTDA,ADESIVO USO GERAL,UNIDADE,3000,0.16,480
Encerrado,13 de nov. de 2020,1201950600179202000002,40423881000178,ESSENCIAS NITEROI COMERCIO E DIST DE ESSENCIAS LTDA,AROMATIZANTE AMBIENTAL,UNIDADE,20,226,4520
Encerrado,13 de nov. de 2020,1201950600179202000001,40423881000178,ESSENCIAS NITEROI COMERCIO E DIST DE ESSENCIAS LTDA,"MISTURA MIT,CMIT",LITRO,5,35,175
Encerrado,6 de nov. de 2020,1206450600059202000001,13348477000104,WATAV - COMERCIO ATACADISTA E SERVICOS INDUSTRIAIS LTDA,SUPORTE,UNIDADE,16,479,7664
Encerrado,6 de nov. de 2020,1206450600059202000003,13348477000104,WATAV - COMERCIO ATACADISTA E SERVICOS INDUSTRIAIS LTDA,DISPENSER PAPEL TOALHA,UNIDADE,42,38.9,1633.8
Encerrado,6 de nov. de 2020,1206450600059202000002,13348477000104,WATAV - COMERCIO ATACADISTA E SERVICOS INDUSTRIAIS LTDA,SABONETEIRA,UNIDADE,60,15.9,954
Encerrado,22 de out. de 2020,1206250600009202000001,635623000130,VIDAMED PRODUTOS HOSPITALARES EIRELI,VESTUÁRIO PROTEÇÃO,UNIDADE,10000,29.92,299200
Encerrado,22 de out. de 2020,1206250600009202000002,635623000130,VIDAMED PRODUTOS HOSPITALARES EIRELI,PROTETOR FACIAL,UNIDADE,150,59.2,8880
Encerrado,21 de out. de 2020,1201950600132202000001,1449930000602,SIEMENS HEALTHCARE DIAGNOSTICOS LTDA.,TOMÓGRAFO,UNIDADE,1,1012900,1012900
Encerrado,21 de out. de 2020,1206250600008202000001,28717044000156,RIO MED MEDICAMENTOS E MATERIAIS HOSPITALARES EIRELI,MÁSCARA,UNIDADE,10000,15,150000
Encerrado,16 de out. de 2020,1206330600154202000002,11215901000117,CIRURGICA BIOMEDICA - EIRELI,LUVA PARA PROCEDIMENTO NÃO CIRÚRGICO,CAIXA,1200,48.9,58680
Encerrado,9 de out. de 2020,1200390600019202000001,11885366000101,LLED SOLUCOES INSTALACOES E REFORMAS LTDA,"INSTALAÇÃO , REMOÇÃO DE DIVISÓRIA , PAINEL , PERSIANA , JANELA , PORTA , ESQUADRIA EM GERAL",UNIDADE,1,45000,45000
Encerrado,9 de out. de 2020,1206330600139202000001,20337866000108,COLLTEX CONFECCOES E PRODUTOS PROMOCIONAIS - EIRELI,COMPONENTE RESPIRADOR SEGURANÇA,UNIDADE,900,4.14,3726
Encerrado,2 de out. de 2020,1206250600041202000001,26747677000181,ESTERILIZE - PRESTACAO DE SERVICOS DE ESTERILIZACAO LTDA,ESTERILIZAÇÃO,UNIDADE,6,37377,224262
Encerrado,29 de set. de 2020,1201950600127202000001,6028137000211,GETINGE DO BRASIL EQUIPAMENTOS MEDICOS LTDA.,PEÇA EQUIPAMENTO MÉDICO,UNIDADE,54,1536.19,82954.26
Encerrado,29 de set. de 2020,1201950600127202000002,6028137000211,GETINGE DO BRASIL EQUIPAMENTOS MEDICOS LTDA.,MÓDULO BATERIA,UNIDADE,10,1955.12,19551.2
Encerrado,29 de set. de 2020,1201950600127202000003,6028137000211,GETINGE DO BRASIL EQUIPAMENTOS MEDICOS LTDA.,"PEÇA,COMPONENTE COMPRESSOR",UNIDADE,3,3476.66,10430
Encerrado,23 de set. de 2020,1206330600140202000001,12420164000319,CM HOSPITALAR S.A.,CLORETO DE SÓDIO,AMPOLA,38400,0.35,13440
Encerrado,16 de set. de 2020,1206280600044202000002,23146066000190,STAR COMERCIO DE ALIMENTOS LTDA,ÁLCOOL ETÍLICO,LITRO,1000,12.5,12500
Encerrado,14 de set. de 2020,1206450600042202000001,15295617000159,ACACIA CONSTRUCOES E SERVICOS LTDA,SERVIÇO ENGENHARIA,UNIDADE,1,136804.98,136804.98
Encerrado,11 de set. de 2020,1206280600044202000001,23146066000190,STAR COMERCIO DE ALIMENTOS LTDA,ÁLCOOL ETÍLICO,FRASCO,4000,15.5,62000
Encerrado,11 de set. de 2020,1206440600025202000001,37266331000188,LIMPMAIS COMERCIAL EIRELI,SACO,PACOTE,45,7.46,335.7
Encerrado,10 de set. de 2020,1201950600164202000001,2319830000101,PROTECTM - ARTEFATOS METALICOS LTDA,DISPENSADOR,UNIDADE,110,309.09,33999.9
Encerrado,8 de set. de 2020,1206430600023202000001,27105456000172,MEDICENTRO COMERCIO DE MEDICAMENTOS - EIRELI,TERMÔMETRO CLÍNICO,UNIDADE,15,316,4740
Encerrado,8 de set. de 2020,1206430600023202000002,27105456000172,MEDICENTRO COMERCIO DE MEDICAMENTOS - EIRELI,PROTETOR FACIAL,UNIDADE,50,39,1950
Encerrado,8 de set. de 2020,1206430600023202000003,27105456000172,MEDICENTRO COMERCIO DE MEDICAMENTOS - EIRELI,ÁLCOOL ETÍLICO,FRASCO,200,6.9,1380
Encerrado,8 de set. de 2020,1206430600023202000004,27105456000172,MEDICENTRO COMERCIO DE MEDICAMENTOS - EIRELI,BORRIFADOR,UNIDADE,50,10.99,549.5
Encerrado,27 de ago. de 2020,1206340600070202000001,65323552000186,LINCE INSTALACOES E SERVICOS LTDA,MANUTENÇÃO REDE OXIGÊNIO,UNIDADE,1,272980,272980
Encerrado,26 de ago. de 2020,1201950600117202000001,24382535000132,PONTUAL HOSPITALAR EIRELI,MIDAZOLAM,AMPOLA,9800,4.88,47824
Encerrado,21 de ago. de 2020,1206250600012202000004,653494000103,MICROMEDICAL - MATERIAL MEDICO HOSPITALAR EIRELI,EQUIPO BOMBA INFUSORA,UNIDADE,11000,28,308000
Encerrado,21 de ago. de 2020,1206250600012202000005,58426628000133,SAMTRONIC INDUSTRIA E COMERCIO LTDA,EQUIPO BOMBA INFUSORA,UNIDADE,7000,18.2,127400
Encerrado,21 de ago. de 2020,1206250600016202000002,9482201000147,NATIVA DISTRIBUICAO DE SUPRIMENTOS EIRELI,ÁLCOOL ETÍLICO,LITRO,8000,13.5,108000
Encerrado,21 de ago. de 2020,1206250600016202000001,9482201000147,NATIVA DISTRIBUICAO DE SUPRIMENTOS EIRELI,ÁLCOOL ETÍLICO,FRASCO,10000,5.54,55400
Encerrado,21 de ago. de 2020,1206250600012202000006,58426628000133,SAMTRONIC INDUSTRIA E COMERCIO LTDA,EQUIPO BOMBA INFUSORA,UNIDADE,2000,20.8,41600
Encerrado,21 de ago. de 2020,1206350600006202000001,10536551000128,AGUIMATEC - MONTAGEM E MANUTENCAO LTDA,MANUTENÇÃO REDE OXIGÊNIO,UNIDADE,1,8730,8730
Encerrado,19 de ago. de 2020,1200160600151202000001,10424098000168,INDUSTRIA DE CONFECCOES K-DU EIRELI,AVENTAL HOSPITALAR,UNIDADE,4010,7.1,28471
Encerrado,19 de ago. de 2020,1200160600151202000003,10424098000168,INDUSTRIA DE CONFECCOES K-DU EIRELI,MÁSCARA CIRÚRGICA,UNIDADE,16100,0.89,14329
Encerrado,19 de ago. de 2020,1200160600151202000002,26588821000184,SUPER EPI EQUIPAMENTOS DE PROTECAO INDIVIDUAL EIRELI,MÁSCARA,UNIDADE,1500,4.8,7200
Encerrado,10 de ago. de 2020,1206330600122202000001,2357251001630,LIFEMED INDUSTRIAL DE EQUIPAMENTOS E ARTIGOS MEDICOS E HOSPITALARES S.A.,EQUIPO BOMBA INFUSORA,UNIDADE,2000,33.5,67000
Encerrado,10 de ago. de 2020,1206330600122202000002,2357251001630,LIFEMED INDUSTRIAL DE EQUIPAMENTOS E ARTIGOS MEDICOS E HOSPITALARES S.A.,EQUIPO BOMBA INFUSORA,UNIDADE,1000,31.58,31580
Encerrado,10 de ago. de 2020,1206350600012202000002,58598368000183,KONIMAGEM COMERCIAL LTDA,"PEÇA,ACESSÓRIO PROCESSAMENTO IMAGEM RADIOLÓGICA",UNIDADE,4,4100,16400
Encerrado,10 de ago. de 2020,1206350600012202000001,58598368000183,KONIMAGEM COMERCIAL LTDA,"PEÇA,ACESSÓRIO PROCESSAMENTO IMAGEM RADIOLÓGICA",UNIDADE,4,3250,13000
Encerrado,10 de ago. de 2020,1206370600003202000011,11486108000152,D DE SOUZA PERES,MANUTENÇÃO DE EQUIPAMENTOS DE COZINHA INDUSTRIAL,UNIDADE,2,502,1004
Encerrado,10 de ago. de 2020,1206370600003202000009,11486108000152,D DE SOUZA PERES,MANUTENÇÃO DE EQUIPAMENTOS DE COZINHA INDUSTRIAL,UNIDADE,4,227.5,910
Encerrado,10 de ago. de 2020,1206370600003202000008,11486108000152,D DE SOUZA PERES,MANUTENÇÃO DE EQUIPAMENTOS DE COZINHA INDUSTRIAL,UNIDADE,1,900,900
Encerrado,10 de ago. de 2020,1206370600003202000007,11486108000152,D DE SOUZA PERES,MANUTENÇÃO DE EQUIPAMENTOS DE COZINHA INDUSTRIAL,UNIDADE,1,600,600
Encerrado,10 de ago. de 2020,1206370600003202000010,11486108000152,D DE SOUZA PERES,MANUTENÇÃO DE EQUIPAMENTOS DE COZINHA INDUSTRIAL,UNIDADE,2,272,544
Encerrado,10 de ago. de 2020,1206370600003202000006,11486108000152,D DE SOUZA PERES,MANUTENÇÃO DE EQUIPAMENTOS DE COZINHA INDUSTRIAL,UNIDADE,1,440,440
Encerrado,10 de ago. de 2020,1206370600003202000005,11486108000152,D DE SOUZA PERES,MANUTENÇÃO DE EQUIPAMENTOS DE COZINHA INDUSTRIAL,UNIDADE,1,435,435
Encerrado,10 de ago. de 2020,1206370600003202000012,11486108000152,D DE SOUZA PERES,MANUTENÇÃO DE EQUIPAMENTOS DE COZINHA INDUSTRIAL,UNIDADE,1,335,335
Encerrado,10 de ago. de 2020,1206370600003202000001,11486108000152,D DE SOUZA PERES,MANUTENÇÃO DE EQUIPAMENTOS DE COZINHA INDUSTRIAL,UNIDADE,30,9.8,294
Encerrado,10 de ago. de 2020,1206370600003202000003,11486108000152,D DE SOUZA PERES,MANUTENÇÃO DE EQUIPAMENTOS DE COZINHA INDUSTRIAL,UNIDADE,50,5.4,270
Encerrado,10 de ago. de 2020,1206370600003202000002,11486108000152,D DE SOUZA PERES,MANUTENÇÃO DE EQUIPAMENTOS DE COZINHA INDUSTRIAL,UNIDADE,65,3.67,238.8
Encerrado,10 de ago. de 2020,1206370600003202000004,11486108000152,D DE SOUZA PERES,MANUTENÇÃO DE EQUIPAMENTOS DE COZINHA INDUSTRIAL,UNIDADE,20,11.78,235.6
Encerrado,31 de jul. de 2020,1200390600015202000001,11885366000101,LLED SOLUCOES INSTALACOES E REFORMAS LTDA,"INSTALAÇÃO , REMOÇÃO DE DIVISÓRIA , PAINEL , PERSIANA",UNIDADE,1,45000,45000
Encerrado,30 de jul. de 2020,1206330600034202000001,26185580000122,VAD MEDICAL COMERCIO LTDA,VIDEOENDOSCÓPIO,UNIDADE,1,20900,20900
Encerrado,27 de jul. de 2020,1206290600034202000002,2988857000197,GLOBALMED SUPORTE DE MATERIAL TERAPEUTICO LTDA,RESPIRADOR,UNIDADE,100,709,70900
Encerrado,27 de jul. de 2020,1206290600034202000004,2988857000197,GLOBALMED SUPORTE DE MATERIAL TERAPEUTICO LTDA,RESPIRADOR,UNIDADE,50,253.04,12652
Encerrado,27 de jul. de 2020,1206290600034202000005,2988857000197,GLOBALMED SUPORTE DE MATERIAL TERAPEUTICO LTDA,RESPIRADOR,UNIDADE,25,253.04,6326
Encerrado,27 de jul. de 2020,1206290600034202000003,2988857000197,GLOBALMED SUPORTE DE MATERIAL TERAPEUTICO LTDA,RESPIRADOR,UNIDADE,25,253.04,6326
Encerrado,22 de jul. de 2020,1206290600034202000001,2988857000197,GLOBALMED SUPORTE DE MATERIAL TERAPEUTICO LTDA,RESPIRADOR,UNIDADE,5,39185.27,195926.35
Encerrado,22 de jul. de 2020,1206330600116202000001,71957310000147,GREINER BIO-ONE BRASIL PRODUTOS MEDICOS HOSPITALARES LTDA,SERINGA,UNIDADE,1000,3,3000
Encerrado,21 de jul. de 2020,1206280600036202000001,1558625000136,J C BREGA JUNIOR,MANUTENÇÃO SISTEMA COLETA A VÁCUO,UNIDADE,1,34690,34690
Encerrado,16 de jul. de 2020,1201950600135202000001,28166447000154,"AIR PRESS MAQUINAS E EQUIPAMENTOS, REPRESENTACAO COMERCIAL, ASSISTENCIA TECNICA","INSTALAÇÃO , MANUTENÇÃO - SISTEMA AR COMPRIMIDO",UNIDADE,1,17136,17136
Encerrado,16 de jul. de 2020,1206330600114202000001,3576719000163,COMERCIAL LUX CLEAN LTDA,ÁLCOOL ETÍLICO,FRASCO,1223,8.5,10395.5
Encerrado,14 de jul. de 2020,1201950600125202000002,12146694000159,RMS TECNOLOGIA COMERCIO E SERVICOS DE PRODUTOS LABORATORIAIS LTDA,"FILTRO SISTEMA REFRIGERAÇÃO,EXAUSTÃO",UNIDADE,12,2828,33936
Encerrado,14 de jul. de 2020,1201950600125202000001,12146694000159,RMS TECNOLOGIA COMERCIO E SERVICOS DE PRODUTOS LABORATORIAIS LTDA,FILTRO AR,UNIDADE,12,1058,12696
Encerrado,10 de jul. de 2020,1206280600044202000006,23146066000190,STAR COMERCIO DE ALIMENTOS LTDA,MÁSCARA MULTIUSO,UNIDADE,3000,16.68,50050
Encerrado,10 de jul. de 2020,1206280600044202000003,23146066000190,STAR COMERCIO DE ALIMENTOS LTDA,MÁSCARA DESCARTÁVEL USO GERAL,CAIXA,400,92,36800
Encerrado,10 de jul. de 2020,1206280600044202000005,23146066000190,STAR COMERCIO DE ALIMENTOS LTDA,LUVA PARA PROCEDIMENTO NÃO CIRÚRGICO,CAIXA,250,52.6,13150
Encerrado,10 de jul. de 2020,1206280600044202000004,23146066000190,STAR COMERCIO DE ALIMENTOS LTDA,LUVA PARA PROCEDIMENTO NÃO CIRÚRGICO,CAIXA,250,52.4,13100
Encerrado,3 de jul. de 2020,1206250600014202000001,58295213002111,PHILIPS MEDICAL SYSTEMS LTDA,CENTRAL MONITORIZAÇÃO,UNIDADE,1,50832.56,50832.56
Encerrado,30 de jun. de 2020,1201950600142202000001,5563165000195,ACESSO DIGITAL TECNOLOGIA DA INFORMACAO S.A.,SERVIÇO AUTOMAÇÃO - CONTROLE ACESSO,UNIDADE,27932,1.79,49998.28
Encerrado,29 de jun. de 2020,1201950600077202000001,4846613000103,CELER BIOTECNOLOGIA S/A,INSTRUMENTO DE ENSAIO EQUIPAMENTO DE COMUNICACAO,UNIDADE,11000,119,1309000
Encerrado,26 de jun. de 2020,1201950600141202000001,33348731000181,BIOTEST FARMACEUTICA LTDA,IMUNOGLOBULINA HUMANA,FRASCO,30,1666.6,49998
Encerrado,26 de jun. de 2020,1206300600010202000001,34498690000172,VALTER FERREIRA BRANDAO 74116983772,MÁSCARA DESCARTÁVEL USO GERAL,UNIDADE,11000,3.95,43450
Encerrado,24 de jun. de 2020,1206330600108202000001,8804406000139,ULISSES DIAS DE SOUSA - EIRELI,DISPENSER HIGIENIZADOR,UNIDADE,35,500,17500
Encerrado,24 de jun. de 2020,1206330600107202000001,8804406000139,ULISSES DIAS DE SOUSA - EIRELI,TAPETE,UNIDADE,60,94.3,5658
Encerrado,23 de jun. de 2020,1201950600129202000001,1449930000602,SIEMENS HEALTHCARE DIAGNOSTICOS LTDA.,TOMÓGRAFO,UNIDADE,1,1042000,1042000
Encerrado,23 de jun. de 2020,1206280600035202000001,1558625000136,J C BREGA JUNIOR,MANUTENÇÃO SISTEMA COLETA A VÁCUO,UNIDADE,1,19400,19400
Encerrado,23 de jun. de 2020,1206330600078202000014,29843218000190,ISABELLA PARDINI COMERCIO DE MATERIAL MEDICO E HOSPITALAR EIRELI,TOUCA,UNIDADE,50,380,19000
Encerrado,23 de jun. de 2020,1206280600035202000002,1558625000136,J C BREGA JUNIOR,MANUTENÇÃO SISTEMA COLETA A VÁCUO,UNIDADE,1,15290,15290
Encerrado,23 de jun. de 2020,1206330600078202000001,29843218000190,ISABELLA PARDINI COMERCIO DE MATERIAL MEDICO E HOSPITALAR EIRELI,MÁSCARA MULTIUSO,UNIDADE,500,30,15000
Encerrado,23 de jun. de 2020,1206330600078202000006,29843218000190,ISABELLA PARDINI COMERCIO DE MATERIAL MEDICO E HOSPITALAR EIRELI,LIXEIRA,UNIDADE,10,600,6000
Encerrado,23 de jun. de 2020,1206330600078202000011,29843218000190,ISABELLA PARDINI COMERCIO DE MATERIAL MEDICO E HOSPITALAR EIRELI,ÁLCOOL ETÍLICO,LITRO,300,15,4500
Encerrado,23 de jun. de 2020,1206330600078202000007,29843218000190,ISABELLA PARDINI COMERCIO DE MATERIAL MEDICO E HOSPITALAR EIRELI,BOTA SEGURANÇA,PAR,50,90,4500
Encerrado,23 de jun. de 2020,1206330600078202000002,29843218000190,ISABELLA PARDINI COMERCIO DE MATERIAL MEDICO E HOSPITALAR EIRELI,LUVA PARA PROCEDIMENTO NÃO CIRÚRGICO,CAIXA,50,80,4000
Encerrado,23 de jun. de 2020,1206330600078202000005,29843218000190,ISABELLA PARDINI COMERCIO DE MATERIAL MEDICO E HOSPITALAR EIRELI,FITA ADESIVA,UNIDADE,100,35,3500
Encerrado,23 de jun. de 2020,1206330600078202000015,36423067000186,ANDREA LINS TEIXEIRA DE MOURA 88076679249,FILME EMBALAGEM,UNIDADE,50,69,3450
Encerrado,23 de jun. de 2020,1206330600078202000013,29843218000190,ISABELLA PARDINI COMERCIO DE MATERIAL MEDICO E HOSPITALAR EIRELI,SABAO LIQUIDO,BOMBONA,1000,2.6,2600
Encerrado,23 de jun. de 2020,1206330600078202000004,29843218000190,ISABELLA PARDINI COMERCIO DE MATERIAL MEDICO E HOSPITALAR EIRELI,PULVERIZADOR COSTAL MANUAL,UNIDADE,10,220,2200
Encerrado,23 de jun. de 2020,1206330600078202000012,29843218000190,ISABELLA PARDINI COMERCIO DE MATERIAL MEDICO E HOSPITALAR EIRELI,LONA,UNIDADE,5,410,2050
Encerrado,23 de jun. de 2020,1206330600078202000008,29843218000190,ISABELLA PARDINI COMERCIO DE MATERIAL MEDICO E HOSPITALAR EIRELI,ÓCULOS DE PROTEÇÃO INDIVIDUAL,UNIDADE,50,13,650
Encerrado,23 de jun. de 2020,1206330600078202000010,29843218000190,ISABELLA PARDINI COMERCIO DE MATERIAL MEDICO E HOSPITALAR EIRELI,BORRIFADOR,UNIDADE,25,15,375
Encerrado,23 de jun. de 2020,1206330600078202000009,29843218000190,ISABELLA PARDINI COMERCIO DE MATERIAL MEDICO E HOSPITALAR EIRELI,SAPATILHA HOSPITALAR,UNIDADE,500,0.3,150
Encerrado,23 de jun. de 2020,1206330600078202000003,29843218000190,ISABELLA PARDINI COMERCIO DE MATERIAL MEDICO E HOSPITALAR EIRELI,LUVA SEGURANÇA,PAR,50,1.8,90
Encerrado,19 de jun. de 2020,1206250600022202000001,28655764000134,"HERA MEDICAL REPRESENTACOES, COMERCIO E SERVICOS LTDA",VIDEOENDOSCÓPIO,UNIDADE,2,18000,36000
Encerrado,18 de jun. de 2020,1206330600101202000001,4846613000103,CELER BIOTECNOLOGIA S/A,REAGENTE PARA DIAGNÓSTICO CLÍNICO 3,TESTE,600,51.18,30708
Encerrado,18 de jun. de 2020,1206330600103202000001,20337866000108,COLLTEX CONFECCOES E PRODUTOS PROMOCIONAIS - EIRELI,COMPONENTE RESPIRADOR SEGURANÇA,UNIDADE,3000,3.89,11670
Encerrado,18 de jun. de 2020,1201950600137202000002,8845041000190,BRAZDI IMPORTACAO EXPORTACAO COMERCIO E SERVICOS DE PRODUTOS LABORATORIAIS EIREL,PONTEIRA LABORATÓRIO,UNIDADE,6000,0.3,1800
Encerrado,18 de jun. de 2020,1206260600010202000001,874929000140,MED CENTER COMERCIAL LTDA,SUXAMETÔNIO CLORETO,FRASCO-AMPOLA,60,10.17,610.2
Encerrado,18 de jun. de 2020,1201950600137202000001,8845041000190,BRAZDI IMPORTACAO EXPORTACAO COMERCIO E SERVICOS DE PRODUTOS LABORATORIAIS EIREL,PONTEIRA LABORATÓRIO,UNIDADE,1000,0.3,300
Encerrado,18 de jun. de 2020,1206260600012202000001,21036417000184,NOVA HOSPITALAR COMERCIAL E IMPORTADORA EIRELI,FILTRO,UNIDADE,15,18,270
Encerrado,17 de jun. de 2020,1201950600136202000003,8938670000165,DAVI NOBUO ITINOSEKI,SWAB,UNIDADE,4400,4.84,21296
Encerrado,17 de jun. de 2020,1201950600136202000005,8938670000165,DAVI NOBUO ITINOSEKI,TUBO LABORATÓRIO,UNIDADE,2200,0.82,1804
Encerrado,17 de jun. de 2020,1201950600136202000001,8938670000165,DAVI NOBUO ITINOSEKI,PLACA LABORATÓRIO,UNIDADE,100,15.8,1580
Encerrado,17 de jun. de 2020,1201950600136202000004,8938670000165,DAVI NOBUO ITINOSEKI,SOLUÇÃO TAMPÃO,FRASCO,14,100.77,1410.78
Encerrado,17 de jun. de 2020,1201950600136202000002,8938670000165,DAVI NOBUO ITINOSEKI,PONTEIRA LABORATÓRIO,UNIDADE,1000,0.29,290
Encerrado,15 de jun. de 2020,1206330600096202000001,8804406000139,ULISSES DIAS DE SOUSA - EIRELI,TAPETE,UNIDADE,60,94.3,5658
Encerrado,10 de jun. de 2020,1206300600012202000001,6056855000110,LIMPAMAIS SERVICOS DE LIMPEZA EIRELI,PRESTAÇÃO DE SERVIÇO DE LIMPEZA E CONSERVAÇÃO - OUTRAS      NECESSIDADES,METRO QUADRADO,1,49400,49400
Encerrado,10 de jun. de 2020,1206300600009202000001,18271934000123,NOVA BIOMEDICAL DIAGNOSTICOS MEDICOS E BIOTECNOLOGIA LTDA.,REAGENTE PARA DIAGNÓSTICO CLÍNICO 3,UNIDADE,1500,16.62,24930
Encerrado,9 de jun. de 2020,1206330600092202000001,2856983000198,BYOGENE COMERCIO DE PRODUTOS PARA LABORATORIO CLINICO E HOSPITALAR LTDA.,MEIO DE CULTURA,UNIDADE,250,40.07,10017.5
Encerrado,9 de jun. de 2020,1206330600092202000002,2856983000198,BYOGENE COMERCIO DE PRODUTOS PARA LABORATORIO CLINICO E HOSPITALAR LTDA.,MEIO DE CULTURA,UNIDADE,250,40.06,10015
Encerrado,8 de jun. de 2020,1206330600093202000001,2816696000154,PONTAMED FARMACEUTICA LTDA,HEPARINA SÓDICA,FRASCO,1200,29.99,35988
Encerrado,8 de jun. de 2020,1206330600093202000002,2816696000154,PONTAMED FARMACEUTICA LTDA,CLORETO DE SÓDIO,AMPOLA,12000,0.42,5100
Encerrado,5 de jun. de 2020,1206330600089202000001,9367060000111,SOROCAPAX TAPETES HIGIENE CONSERVACAO E SEGURANCA LTDA,TAPETE,UNIDADE,15,499.2,7488
Encerrado,4 de jun. de 2020,1206330600088202000001,28613808000163,D' PAULA DISTRIBUIDORA & COMERCIO DE MEDICAMENTOS LTDA,TERMÔMETRO CLÍNICO,UNIDADE,100,350,35000
Encerrado,4 de jun. de 2020,1206330600085202000012,24524417000111,VILA GUGU CARNES EIRELI,BANDEJA,UNIDADE,90,217.5,19575
Encerrado,4 de jun. de 2020,1206330600086202000005,3431949000134,VALDECI DUARTE SILVA,VÁLVULA REGULADORA CILINDRO GÁS,UNIDADE,30,396,11880
Encerrado,4 de jun. de 2020,1206330600085202000002,24524417000111,VILA GUGU CARNES EIRELI,MARMITA DESCARTÁVEL,CAIXA,48,197.06,9458.88
Encerrado,4 de jun. de 2020,1206330600086202000003,3431949000134,VALDECI DUARTE SILVA,VÁLVULA REGULADORA CILINDRO GÁS,UNIDADE,35,217,7595
Encerrado,4 de jun. de 2020,1206330600086202000002,3431949000134,VALDECI DUARTE SILVA,CONJUNTO OXIGÊNIO MEDICINAL,UNIDADE,35,204,7140
Encerrado,4 de jun. de 2020,1206330600086202000001,3431949000134,VALDECI DUARTE SILVA,REGULADOR PRESSÃO,UNIDADE,60,91,5460
Encerrado,4 de jun. de 2020,1206330600085202000004,24524417000111,VILA GUGU CARNES EIRELI,CONJUNTO ALIMENTAÇÃO,UNIDADE,8,650.08,5200.64
Encerrado,4 de jun. de 2020,1206330600085202000001,24524417000111,VILA GUGU CARNES EIRELI,MARMITA DESCARTÁVEL,CAIXA,24,207.2,4972.8
Encerrado,4 de jun. de 2020,1206330600082202000001,18466544000109,PROTECTOR INDUSTRIA E COMERCIO DE PRODUTOS MEDICO HOSPITALARES LTDA,COBRE CORPO,UNIDADE,400,9.8,3920
Encerrado,4 de jun. de 2020,1206330600085202000007,24524417000111,VILA GUGU CARNES EIRELI,COPO DESCARTÁVEL,CAIXA,10,383.6,3836
Encerrado,4 de jun. de 2020,1206330600087202000001,14633154000206,ECO DIAGNOSTICA LTDA,REAGENTE PARA DIAGNÓSTICO CLÍNICO 4,UNIDADE,100,37,3700
Encerrado,4 de jun. de 2020,1206330600084202000001,34053259000112,SMARTFLEX COMERCIO DE ETIQUETAS E ROTULOS EIRELI,ETIQUETA AUTO-ADESIVA,UNIDADE,250,9.8,2450
Encerrado,4 de jun. de 2020,1206330600086202000004,3431949000134,VALDECI DUARTE SILVA,MATERIAL GASOTERAPIA,UNIDADE,80,30.6,2448
Encerrado,4 de jun. de 2020,1206330600086202000008,3431949000134,VALDECI DUARTE SILVA,VÁLVULA REGULADORA CILINDRO GÁS,UNIDADE,20,121,2420
Encerrado,4 de jun. de 2020,1206330600086202000009,3431949000134,VALDECI DUARTE SILVA,MATERIAL PARA SISTEMA PNEUMÁTICO,UNIDADE,40,36.4,1456
Encerrado,4 de jun. de 2020,1206330600086202000007,3431949000134,VALDECI DUARTE SILVA,VÁLVULA REGULADORA CILINDRO GÁS,UNIDADE,20,67,1340
Encerrado,4 de jun. de 2020,1206330600086202000006,3431949000134,VALDECI DUARTE SILVA,MATERIAL GASOTERAPIA,UNIDADE,30,43.5,1305
Encerrado,4 de jun. de 2020,1206330600085202000011,24524417000111,VILA GUGU CARNES EIRELI,SACO,PACOTE,12,102.41,1228.92
Encerrado,4 de jun. de 2020,1206440609009202000001,4121624000118,RICARDO ABILIO FERNANDES,LUVA PARA PROCEDIMENTO NÃO CIRÚRGICO,CAIXA,450,2,900
Encerrado,4 de jun. de 2020,1206330600085202000008,24524417000111,VILA GUGU CARNES EIRELI,COPO DESCARTÁVEL,CAIXA,5,165.49,827.45
Encerrado,4 de jun. de 2020,1206330600085202000010,24524417000111,VILA GUGU CARNES EIRELI,SACO,EMBALAGEM,6,136.12,816.72
Encerrado,4 de jun. de 2020,1206330600085202000006,24524417000111,VILA GUGU CARNES EIRELI,COPO DESCARTÁVEL,CAIXA,7,108.71,760.97
Encerrado,4 de jun. de 2020,1206330600085202000003,24524417000111,VILA GUGU CARNES EIRELI,MARMITA DESCARTÁVEL,CAIXA,12,59.77,717.24
Encerrado,4 de jun. de 2020,1206330600085202000009,24524417000111,VILA GUGU CARNES EIRELI,POTE ALIMENTOS,CONJUNTO,6,113.57,681.42
Encerrado,4 de jun. de 2020,1206330600083202000001,4307650001530,ONCO PROD DISTRIBUIDORA DE PRODUTOS HOSPITALARES E ONCOLOGICOS LTDA.,HIDROXICLOROQUINA SULFATO,COMPRIMIDO,450,1.37,616.5
Encerrado,4 de jun. de 2020,1206330600085202000005,24524417000111,VILA GUGU CARNES EIRELI,COLHER DESCARTÁVEL,CAIXA,6,81.17,487.02
Encerrado,4 de jun. de 2020,1206330600083202000002,16553940000148,MEDMAX COMERCIO DE MEDICAMENTOS LTDA,AZITROMICINA,COMPRIMIDO,500,0.92,460
Encerrado,4 de jun. de 2020,1206330600085202000013,24524417000111,VILA GUGU CARNES EIRELI,CANUDO REFRESCO,CAIXA,1,126,126
Encerrado,3 de jun. de 2020,1206260600019202000001,8010082000167,VIACONECT TELECOMUNICACOES - COMERCIAL LTDA.,CÂMERA VÍDEO,UNIDADE,25,598.5,14962.5
Encerrado,3 de jun. de 2020,1200160600074202000001,40175705000164,CEI COMERCIO EXPORTACAO E IMP DE MAT MEDICOS LTDA,SISTEMA FECHADO ASPIRAÇÃO TRAQUEAL,UNIDADE,30,60,1800
Encerrado,3 de jun. de 2020,1206260600020202000002,8010082000167,VIACONECT TELECOMUNICACOES - COMERCIAL LTDA.,CABO REDE COMPUTADOR,UNIDADE,2,463.6,927.2
Encerrado,3 de jun. de 2020,1206260600020202000001,8010082000167,VIACONECT TELECOMUNICACOES - COMERCIAL LTDA.,CONECTOR,UNIDADE,80,1,80
Encerrado,2 de jun. de 2020,1200160600051202000001,1909477000157,DUTRAL COMERCIO DE ARTIGOS LABORATORIAIS LTDA,GARRAFA,UNIDADE,400,1.03,412
Encerrado,28 de mai. de 2020,1201950600104202000001,17072359000177,SSG CONTAINERS LTDA,"LOCAÇÃO EQUIPAMENTO , INSTRUMENTO , PEÇA , COMPONENTE - MÉDICO , ODONTOLÓGICO , OFTALMOLÓGICO",UNIDADE,6,8900,53400
Encerrado,27 de mai. de 2020,1206330600073202000001,33700652000198,ZI COMERCIO E DISTRIBUIDORA DE COSMETICOS LTDA.,ÁLCOOL ETÍLICO,FRASCO,8487,14.5,123061.5
Encerrado,25 de mai. de 2020,1201950600121202000001,4355394000232,PROHOSP DISTRIBUIDORA DE MEDICAMENTOS LTDA.,REAGENTE PARA DIAGNÓSTICO CLÍNICO 7,TESTE,2500,144.5,361250
Encerrado,25 de mai. de 2020,1206300600013202000001,16835758000180,ANDRADE E MANSUR COMERCIO DE MATERIAIS HOSPITALARES LTDA,VENTILADOR NÃO INVASIVO,UNIDADE,3,28000,84000
Encerrado,25 de mai. de 2020,1206270600013202000001,23813270000117,CRYSTAL EMPREENDIMENTOS MEDICOS E HOSPITALARES LTDA,CIRURGIA OBSTÉTRICA - PARTO,UNIDADE,4,11450,45800
Encerrado,25 de mai. de 2020,1206300600013202000002,16835758000180,ANDRADE E MANSUR COMERCIO DE MATERIAIS HOSPITALARES LTDA,"MATERIAL P, VNI - CPAP , BIPAP",UNIDADE,6,1280,7680
Encerrado,25 de mai. de 2020,1206300600013202000003,16835758000180,ANDRADE E MANSUR COMERCIO DE MATERIAIS HOSPITALARES LTDA,TUBO CORRUGADO - TRAQUEIA,UNIDADE,12,150,1800
Encerrado,22 de mai. de 2020,1206250600015202000001,6889652000105,AURION EQUIPAMENTOS ELETRONICOS LTDA,MONITOR MULTIPARÂMETRO,UNIDADE,2,6194,12388
Encerrado,22 de mai. de 2020,1206440609008202000005,32664258000189,EPIQUALITY SOLUCOES EM EPI'S LTDA,VESTUÁRIO PROTEÇÃO,UNIDADE,300,22.5,6750
Encerrado,22 de mai. de 2020,1206440609008202000002,27066602000106,TS MEDICAL COMERCIO E SERVICO DE PRODUTOS HOSPITALARES LTDA,EQUIPO BOMBA INFUSORA,UNIDADE,150,35,5250
Encerrado,22 de mai. de 2020,1206440609008202000001,27066602000106,TS MEDICAL COMERCIO E SERVICO DE PRODUTOS HOSPITALARES LTDA,EQUIPO BOMBA INFUSORA,UNIDADE,150,35,5250
Encerrado,22 de mai. de 2020,1206440609008202000006,6576044000140,HOSPINET COM. E ASSISTENCIA TECNICA LTDA,MATERIAL GASOTERAPIA,UNIDADE,15,119.56,1793.4
Encerrado,22 de mai. de 2020,1206440609008202000007,80246309000103,CAOBIANCO MATERIAIS MEDICOS E HOSPITALARES LTDA,FILTRO VENTILAÇÃO MECÂNICA,UNIDADE,50,14.8,740
Encerrado,22 de mai. de 2020,1206440609008202000003,80779259000383,VICTORIA REGIA COMERCIO DE MATERIAIS MEDICOS LTDA,TUBO ENDOTRAQUEAL,UNIDADE,50,6.26,313
Encerrado,22 de mai. de 2020,1206440609008202000004,80779259000383,VICTORIA REGIA COMERCIO DE MATERIAIS MEDICOS LTDA,TUBO ENDOTRAQUEAL,UNIDADE,50,6.26,313
Encerrado,21 de mai. de 2020,1200140600033202000002,1722296000117,PANORAMA COMERCIO DE PRODUTOS MEDICOS E FARMACEUTICOS LTDA,ENOXAPARINA,SERINGA,300,29.7,8910
Encerrado,21 de mai. de 2020,1200140600033202000005,1314126000101,REAL HOSPITALAR COMERCIAL LTDA,MIDAZOLAM,AMPOLA,200,23,4600
Encerrado,21 de mai. de 2020,1200140600033202000009,1722296000117,PANORAMA COMERCIO DE PRODUTOS MEDICOS E FARMACEUTICOS LTDA,CEFTRIAXONA SÓDICA,FRASCO-AMPOLA,100,27.9,2790
Encerrado,21 de mai. de 2020,1200140600033202000001,1314126000101,REAL HOSPITALAR COMERCIAL LTDA,OMEPRAZOL,FRASCO,40,38,1520
Encerrado,21 de mai. de 2020,1200140600033202000010,1722296000117,PANORAMA COMERCIO DE PRODUTOS MEDICOS E FARMACEUTICOS LTDA,PIPERACILINA,FRASCO-AMPOLA,50,29.6,1480
Encerrado,21 de mai. de 2020,1200140600033202000006,1722296000117,PANORAMA COMERCIO DE PRODUTOS MEDICOS E FARMACEUTICOS LTDA,MIDAZOLAM,AMPOLA,100,12.8,1280
Encerrado,21 de mai. de 2020,1200140600033202000007,1722296000117,PANORAMA COMERCIO DE PRODUTOS MEDICOS E FARMACEUTICOS LTDA,HIDROCORTISONA,FRASCO-AMPOLA,100,7.4,740
Encerrado,21 de mai. de 2020,1200140600033202000015,1314126000101,REAL HOSPITALAR COMERCIAL LTDA,NOREPINEFRINA,AMPOLA,50,14.5,725
Encerrado,21 de mai. de 2020,1200140600033202000011,1722296000117,PANORAMA COMERCIO DE PRODUTOS MEDICOS E FARMACEUTICOS LTDA,CISATRACÚRIO BESILATO,AMPOLA,10,67,670
Encerrado,21 de mai. de 2020,1200140600033202000008,1722296000117,PANORAMA COMERCIO DE PRODUTOS MEDICOS E FARMACEUTICOS LTDA,HIDROCORTISONA,FRASCO-AMPOLA,150,4.4,660
Encerrado,21 de mai. de 2020,1200140600033202000004,1722296000117,PANORAMA COMERCIO DE PRODUTOS MEDICOS E FARMACEUTICOS LTDA,ONDANSETRONA CLORIDRATO,AMPOLA,50,9.8,490
Encerrado,21 de mai. de 2020,1200140600033202000012,1314126000101,REAL HOSPITALAR COMERCIAL LTDA,PROPOFOL,AMPOLA,20,21,420
Encerrado,21 de mai. de 2020,1200140600033202000013,1722296000117,PANORAMA COMERCIO DE PRODUTOS MEDICOS E FARMACEUTICOS LTDA,ROCURÔNIO BROMETO,FRASCO,12,22.91,275
Encerrado,21 de mai. de 2020,1200140600033202000003,1722296000117,PANORAMA COMERCIO DE PRODUTOS MEDICOS E FARMACEUTICOS LTDA,PREDNISONA,COMPRIMIDO,210,0.24,50.4
Encerrado,21 de mai. de 2020,1200140600033202000014,1722296000117,PANORAMA COMERCIO DE PRODUTOS MEDICOS E FARMACEUTICOS LTDA,ALBENDAZOL,COMPRIMIDO,100,0.4,40
Encerrado,20 de mai. de 2020,1206330600071202000001,20337866000108,COLLTEX CONFECCOES E PRODUTOS PROMOCIONAIS - EIRELI,COMPONENTE RESPIRADOR SEGURANÇA,UNIDADE,16671,3.89,64850.19
Encerrado,20 de mai. de 2020,1206330600049202000001,7044694000108,RNT RIOGRANDENSE NAO TECIDOS LTDA,TNT,METRO,21500,0.33,7148.75
Encerrado,19 de mai. de 2020,1206320600013202000002,31284307000195,ROBERTA ELENITA DE BARROS VALDEVINO 10662511778,MÁSCARA CIRÚRGICA,UNIDADE,40000,2.7,108000
Encerrado,19 de mai. de 2020,1206330600069202000001,2456074000162,BRAVERY INDUSTRIA E COMERCIO DE PRODUTOS DE HIGIENE E LIMPEZA LTDA,PANO LIMPEZA,EMBALAGEM,40000,0.69,27600
Encerrado,19 de mai. de 2020,1206440609002202000001,2555047000147,RHOMA PRODUTOS E EQUIPAMENTOS HOSPITALARES EIRELI,GÁS COMPRIMIDO,METRO CÚBICO,500,8,4000
Encerrado,18 de mai. de 2020,1206320600013202000001,31284307000195,ROBERTA ELENITA DE BARROS VALDEVINO 10662511778,MÁSCARA,UNIDADE,8000,15,120000
Encerrado,15 de mai. de 2020,1206230600005202000001,15295617000159,ACACIA CONSTRUCOES E SERVICOS LTDA,SERVIÇO ENGENHARIA,UNIDADE,1,1890628.73,1890628.73
Encerrado,15 de mai. de 2020,1206230600006202000001,15295617000159,ACACIA CONSTRUCOES E SERVICOS LTDA,SERVIÇO ENGENHARIA,UNIDADE,1,1089860.52,1089860.52
Encerrado,15 de mai. de 2020,1206230600004202000001,15295617000159,ACACIA CONSTRUCOES E SERVICOS LTDA,SERVIÇO ENGENHARIA,UNIDADE,1,896218.08,896218.08
Encerrado,15 de mai. de 2020,1206280600020202000002,23146066000190,STAR COMERCIO DE ALIMENTOS LTDA,ÁLCOOL ETÍLICO,GALÃO,370,66,24420
Encerrado,15 de mai. de 2020,1206280600020202000003,23146066000190,STAR COMERCIO DE ALIMENTOS LTDA,DETERGENTE,EMBALAGEM,4300,1.85,7955
Encerrado,14 de mai. de 2020,1206240600029202000006,5404254000199,MULTCLEAN DISTRIBUIDORA LTDA,MÁSCARA CIRÚRGICA,UNIDADE,10400,1.9,19760
Encerrado,14 de mai. de 2020,1206240600029202000007,5404254000199,MULTCLEAN DISTRIBUIDORA LTDA,MÁSCARA,CAIXA,310,26.9,8339
Encerrado,14 de mai. de 2020,1206240600029202000002,18702558000184,A FAVARIN DISTRIBUIDORA LTDA,LUVA PARA PROCEDIMENTO NÃO CIRÚRGICO,CAIXA,150,36,5400
Encerrado,14 de mai. de 2020,1206240600029202000004,31127249000196,DENTAL BRAZIL PRODUTOS ODONTOLOGICOS MEDICOS LTDA,LUVA PARA PROCEDIMENTO NÃO CIRÚRGICO,CAIXA,150,29.9,4485
Encerrado,14 de mai. de 2020,1206240600029202000005,31127249000196,DENTAL BRAZIL PRODUTOS ODONTOLOGICOS MEDICOS LTDA,LUVA PARA PROCEDIMENTO NÃO CIRÚRGICO,CAIXA,150,29.9,4485
Encerrado,14 de mai. de 2020,1206240600029202000001,5404254000199,MULTCLEAN DISTRIBUIDORA LTDA,AVENTAL HOSPITALAR,UNIDADE,260,7.8,2028
Encerrado,14 de mai. de 2020,1206240600029202000008,5404254000199,MULTCLEAN DISTRIBUIDORA LTDA,AVENTAL,UNIDADE,530,2.9,1537
Encerrado,14 de mai. de 2020,1206240600029202000003,31127249000196,DENTAL BRAZIL PRODUTOS ODONTOLOGICOS MEDICOS LTDA,LUVA PARA PROCEDIMENTO NÃO CIRÚRGICO,CAIXA,50,29.9,1495
Encerrado,14 de mai. de 2020,1206240600029202000011,31127249000196,DENTAL BRAZIL PRODUTOS ODONTOLOGICOS MEDICOS LTDA,LUVA PARA PROCEDIMENTO NÃO CIRÚRGICO,CAIXA,20,35.9,718
Encerrado,14 de mai. de 2020,1206240600029202000009,5404254000199,MULTCLEAN DISTRIBUIDORA LTDA,ÁLCOOL ETÍLICO,BOLSA,20,22.58,451.6
Encerrado,14 de mai. de 2020,1206240600029202000010,5404254000199,MULTCLEAN DISTRIBUIDORA LTDA,PROTETOR FACIAL,UNIDADE,2,68.9,137.8
Encerrado,12 de mai. de 2020,1206250600012202000003,653494000103,MICROMEDICAL - MATERIAL MEDICO HOSPITALAR EIRELI,DIETA ENTERAL,UNIDADE,11000,28,308000
Encerrado,12 de mai. de 2020,1206250600012202000002,58426628000133,SAMTRONIC INDUSTRIA E COMERCIO LTDA,DIETA ENTERAL,UNIDADE,7000,18.2,127400
Encerrado,12 de mai. de 2020,1206250600012202000001,58426628000133,SAMTRONIC INDUSTRIA E COMERCIO LTDA,DIETA ENTERAL,UNIDADE,2000,20.8,41600
Encerrado,11 de mai. de 2020,1206330600040202000002,29136844000146,MAXIMO INDUSTRIA E COMERCIO EIRELI,AVENTAL HOSPITALAR,UNIDADE,30000,12,360000
Encerrado,11 de mai. de 2020,1206320600012202000002,23039218000155,VISION MEDICA EIRELI,REAGENTE PARA DIAGNÓSTICO CLÍNICO 7,TESTE,500,146.8,73400
Encerrado,11 de mai. de 2020,1206320600012202000001,23039218000155,VISION MEDICA EIRELI,REAGENTE PARA DIAGNÓSTICO CLÍNICO 4,TESTE,500,43.2,21600
Encerrado,8 de mai. de 2020,1206250600013202000001,24768176000156,STRAFER PRODUTOS MEDICO HOSPITALARES EIRELI,VIDEOENDOSCÓPIO,UNIDADE,2,14980,29960
Encerrado,7 de mai. de 2020,1206280600025202000004,44734671000151,CRISTALIA PRODUTOS QUIMICOS FARMACEUTICOS LTDA,OMEPRAZOL,FRASCO-AMPOLA,2000,28,56000
Encerrado,7 de mai. de 2020,1206280600025202000001,44734671000151,CRISTALIA PRODUTOS QUIMICOS FARMACEUTICOS LTDA,FENTANILA,FRASCO,6000,7.9,47400
Encerrado,7 de mai. de 2020,1206280600025202000003,44734671000151,CRISTALIA PRODUTOS QUIMICOS FARMACEUTICOS LTDA,MIDAZOLAM,AMPOLA,6000,7.5,45000
Encerrado,7 de mai. de 2020,1206280600025202000002,44734671000151,CRISTALIA PRODUTOS QUIMICOS FARMACEUTICOS LTDA,HEPARINA SÓDICA,FRASCO,300,21.43,6429
Encerrado,7 de mai. de 2020,1206330600056202000002,2591097000180,SANTANA INDUSTRIA E COMERCIO DE CONFECCOES EIRELI,CAPA PROTETORA,UNIDADE,47,87,4089
Encerrado,7 de mai. de 2020,1206330600056202000003,2591097000180,SANTANA INDUSTRIA E COMERCIO DE CONFECCOES EIRELI,TRAVESSEIRO,UNIDADE,151,24.3,3669.3
Encerrado,7 de mai. de 2020,1206330600056202000001,2591097000180,SANTANA INDUSTRIA E COMERCIO DE CONFECCOES EIRELI,CAPA PROTETORA,UNIDADE,191,12.5,2387.5
Encerrado,7 de mai. de 2020,1200160600048202000004,17700001000141,ER DO BRASIL INDUSTRIA E COMERCIO DE PRODUTOS QUIMICOS EIRELI,ÁLCOOL ETÍLICO,LITRO,25,62,1550
Encerrado,7 de mai. de 2020,1200160600048202000003,1351837000148,ALQUILABOR COMERCIAL LTDA,DENSÍMETRO,UNIDADE,2,82,164
Encerrado,7 de mai. de 2020,1200160600048202000001,1351837000148,ALQUILABOR COMERCIAL LTDA,JARRA,UNIDADE,2,55,110
Encerrado,7 de mai. de 2020,1200160600048202000002,1351837000148,ALQUILABOR COMERCIAL LTDA,FUNIL PLÁSTICO,UNIDADE,2,18,36
Encerrado,6 de mai. de 2020,1200140600020202000001,14643259000165,CRS MEDICAL COMERCIO LTDA,"LOCAÇÃO EQUIPAMENTO , INSTRUMENTO , PEÇA , COMPONENTE - MÉDICO , ODONTOLÓGICO , OFTALMOLÓGICO",UNIDADE,1,8850,8850
Encerrado,5 de mai. de 2020,1200160600049202000001,2456074000162,BRAVERY INDUSTRIA E COMERCIO DE PRODUTOS DE HIGIENE E LIMPEZA LTDA,VESTUÁRIO PROTEÇÃO,UNIDADE,50,39.42,1971
Encerrado,4 de mai. de 2020,1206380600014202000009,27105456000172,MEDICENTRO COMERCIO DE MEDICAMENTOS - EIRELI,ESTOJO PARA GUARDA DE FERRAMENTA,UNIDADE,200,41.2,8240
Encerrado,4 de mai. de 2020,1206380600014202000003,5075964000112,CINCO - CONFIANCA INDUSTRIA E COMERCIO LTDA.,ESTOJO PARA GUARDA DE FERRAMENTA,UNIDADE,100,36,3600
Encerrado,4 de mai. de 2020,1206380600014202000001,5075964000112,CINCO - CONFIANCA INDUSTRIA E COMERCIO LTDA.,ESTOJO PARA GUARDA DE FERRAMENTA,UNIDADE,60,45,2700
Encerrado,4 de mai. de 2020,1206380600014202000008,27105456000172,MEDICENTRO COMERCIO DE MEDICAMENTOS - EIRELI,ESTOJO PARA GUARDA DE FERRAMENTA,UNIDADE,200,12.08,2416
Encerrado,4 de mai. de 2020,1206380600014202000007,27105456000172,MEDICENTRO COMERCIO DE MEDICAMENTOS - EIRELI,ESTOJO PARA GUARDA DE FERRAMENTA,UNIDADE,200,6.9,1380
Encerrado,4 de mai. de 2020,1206380600014202000011,27105456000172,MEDICENTRO COMERCIO DE MEDICAMENTOS - EIRELI,ESTOJO PARA GUARDA DE FERRAMENTA,UNIDADE,3000,0.46,1380
Encerrado,4 de mai. de 2020,1206380600014202000010,3661563000119,HOSPIMEDICAL MATERIAIS MEDICOS HOSPITALARES LTDA,ESTOJO PARA GUARDA DE FERRAMENTA,UNIDADE,6,180,1080
Encerrado,4 de mai. de 2020,1206380600014202000002,5075964000112,CINCO - CONFIANCA INDUSTRIA E COMERCIO LTDA.,ESTOJO PARA GUARDA DE FERRAMENTA,UNIDADE,20,45,900
Encerrado,4 de mai. de 2020,1206380600014202000004,3661563000119,HOSPIMEDICAL MATERIAIS MEDICOS HOSPITALARES LTDA,ESTOJO PARA GUARDA DE FERRAMENTA,UNIDADE,30,25,750
Encerrado,4 de mai. de 2020,1206380600014202000005,27105456000172,MEDICENTRO COMERCIO DE MEDICAMENTOS - EIRELI,ESTOJO PARA GUARDA DE FERRAMENTA,UNIDADE,3,169,507
Encerrado,4 de mai. de 2020,1206380600014202000006,27105456000172,MEDICENTRO COMERCIO DE MEDICAMENTOS - EIRELI,ESTOJO PARA GUARDA DE FERRAMENTA,UNIDADE,100,3.68,368
Encerrado,30 de abr. de 2020,1206280600023202000001,44734671000151,CRISTALIA PRODUTOS QUIMICOS FARMACEUTICOS LTDA,ROCURÔNIO BROMETO,FRASCO,2000,19,38000
Encerrado,30 de abr. de 2020,1206330600051202000001,14633154000206,ECO DIAGNOSTICA LTDA,REAGENTE PARA DIAGNÓSTICO CLÍNICO 4,UNIDADE,100,37,3700
Encerrado,27 de abr. de 2020,1200060600013202000001,15133337000144,C R P M COMERCIO DE TECIDOS E SERVICOS DE CONFECCOES EIRELI,MÁSCARA,UNIDADE,2500,7,17500
Encerrado,24 de abr. de 2020,1200160600047202000001,55634901000127,"PRODUMED - SERVICOS,INDUSTRIA E COMERCIO LTDA.","ESTERILIZAÇÃO - REPROCESSAMENTO DE ARTIGO , INSTRUMENTO  MÉ-DICO CIRÚRGICO",UNIDADE,1,8523.8,8523.8
Encerrado,22 de abr. de 2020,1200160600040202000001,47010566000168,"TECNAL INDUSTRIA, COMERCIO, IMPORTACAO E EXPORTACAO DE EQUIPAMENTOS PARA LABORAT",APARELHO PURIFICADOR DE ÁGUA,UNIDADE,2,9980,19960
Encerrado,20 de abr. de 2020,1200140600024202000006,2147951000113,TEREZA LIRA FERNANDES,VESTUÁRIO PROTEÇÃO,UNIDADE,180,26,4680
Encerrado,20 de abr. de 2020,1200140600024202000005,12078102000109,"AED TECNOLOGIA - AUTOMACAO, ELETRONICA E DESENVOLVIMENTO LTDA",MÁSCARA,CAIXA,100,42.9,4290
Encerrado,20 de abr. de 2020,1200140600024202000008,12078102000109,"AED TECNOLOGIA - AUTOMACAO, ELETRONICA E DESENVOLVIMENTO LTDA",MÁSCARA MULTIUSO,PACOTE,50,22.5,1125
Encerrado,20 de abr. de 2020,1200140600024202000003,2147951000113,TEREZA LIRA FERNANDES,AVENTAL HOSPITALAR,UNIDADE,100,10,1000
Encerrado,20 de abr. de 2020,1200140600024202000002,2147951000113,TEREZA LIRA FERNANDES,LENÇOL DESCARTÁVEL,UNIDADE,100,8.9,890
Encerrado,20 de abr. de 2020,1200140600024202000007,12078102000109,"AED TECNOLOGIA - AUTOMACAO, ELETRONICA E DESENVOLVIMENTO LTDA",PROTETOR FACIAL,UNIDADE,10,59.5,595
Encerrado,20 de abr. de 2020,1200140600024202000004,27814353000181,SOLU DISTRIBUIDORA LTDA,ÁLCOOL ETÍLICO LIMPEZA DE AMBIENTES,FRASCO,18,18,324
Encerrado,20 de abr. de 2020,1200140600024202000001,29404299000121,SUPPLEX COMERCIO DE MATERIAL DE ESCRITORIO & PAPELARIA LTDA,ÓCULOS PROTEÇÃO,UNIDADE,30,4.2,126
Encerrado,17 de abr. de 2020,1206260600015202000001,17662793000107,DESCARTE - COMERCIO DE MERCADORIAS EM GERAL E DESCARTAVEIS LTDA,MÁSCARA MULTIUSO,UNIDADE,6000,9.5,57000
Encerrado,17 de abr. de 2020,1200160600042202000001,16981285000129,COELHO COMERCIO & INSTALACOES DE GASES LTDA,"INSTALAÇÃO , MANUTENÇÃO CENTRAL GÁS",UNIDADE,1,9455,9455
Encerrado,17 de abr. de 2020,1200160600043202000001,13604060000165,NEOMEDICAL TECNICA LTDA,MANUTENÇÃO APARELHOS MÉDICOS - HOSPITALARES,UNIDADE,1,8988.2,8988.2
Encerrado,17 de abr. de 2020,1200160600034202000001,1969638000106,COMERCIAL VIC-MAFER LTDA,VESTUÁRIO DE SEGURANÇA,UNIDADE,44,54,2376
Encerrado,17 de abr. de 2020,1200160600036202000004,1969638000106,COMERCIAL VIC-MAFER LTDA,SACO PLÁSTICO LIXO,PACOTE,22,54.5,1199
Encerrado,17 de abr. de 2020,1200160600036202000007,30306579000186,CSTEC COMERCIO DE MATERIAIS EIRELI,SIRENE MULTIAPLICAÇÃO,UNIDADE,5,197.9,989.5
Encerrado,17 de abr. de 2020,1200160600036202000002,21774786000174,CPV MAQUINAS E JARDINS LTDA.,PULVERIZADOR COSTAL MANUAL,UNIDADE,4,210,840
Encerrado,17 de abr. de 2020,1200160600036202000005,4004878000156,DINMAP DISTRIBUIDORA DE EQUIPAMENTO DE PROTECAO INDIVIDUAL LTDA,VESTUÁRIO DE SEGURANÇA,PAR,1000,0.78,780
Encerrado,17 de abr. de 2020,1200160600041202000002,7167191000120,SANOVIE INTERNATIONAL TRADE EIRELI,"PEÇA , COMPONENTE EQUIPAMENTO HOSPITALAR",UNIDADE,20,36.01,720.2
Encerrado,17 de abr. de 2020,1200160600036202000001,1969638000106,COMERCIAL VIC-MAFER LTDA,LAVADORA ALTA PRESSÃO,UNIDADE,1,432,432
Encerrado,17 de abr. de 2020,1200160600036202000006,21774786000174,CPV MAQUINAS E JARDINS LTDA.,SINALIZADOR AUTOMOTIVO,UNIDADE,5,83.83,419.15
Encerrado,17 de abr. de 2020,1200160600041202000003,64765548000105,TECNOCLIN ELETRONICA LTDA,"CIRCUITO P, VENTILADOR PULMONAR",UNIDADE,1,412.11,412.11
Encerrado,17 de abr. de 2020,1200160600041202000001,64765548000105,TECNOCLIN ELETRONICA LTDA,"PEÇA , COMPONENTE EQUIPAMENTO HOSPITALAR",UNIDADE,30,9.99,299.7
Encerrado,17 de abr. de 2020,1200160600036202000003,28270001000175,SAFELLE & SAFELLE EIRELI,HIPOCLORITO DE SÓDIO,UNIDADE,10,23.35,233.5
Encerrado,16 de abr. de 2020,1201950600081202000001,10679936000144,B & A COMERCIO DE EPI LTDA,MACACÃO,UNIDADE,7000,32,224000
Encerrado,15 de abr. de 2020,1206260600013202000001,8819017000187,ALESSANDRA ROBERTA THOMAZINI CERANTOLA,GÁS COMPRIMIDO,METRO CÚBICO,700,17,11900
Encerrado,15 de abr. de 2020,1206260600009202000001,27882215000130,"ELETRO AREA DISTRIBUIDORA DE MOTORES, BOMBAS E MATERIAL ELETRICO EIRELI",MÁSCARA,UNIDADE,200,19.99,3998
Encerrado,15 de abr. de 2020,1200140600023202000002,27059395000154,K2A ALUGUEL DE EQUIPAMENTOS MEDICOS E HOSPITALARES LTDA,"CIRCUITO P, VENTILADOR PULMONAR",UNIDADE,6,250,1500
Encerrado,15 de abr. de 2020,1200140600023202000001,27059395000154,K2A ALUGUEL DE EQUIPAMENTOS MEDICOS E HOSPITALARES LTDA,"CIRCUITO P, VENTILADOR PULMONAR",UNIDADE,6,200,1200
Encerrado,15 de abr. de 2020,1200140600023202000007,27059395000154,K2A ALUGUEL DE EQUIPAMENTOS MEDICOS E HOSPITALARES LTDA,FILTRO AR,UNIDADE,15,80,1200
Encerrado,15 de abr. de 2020,1200140600023202000003,27059395000154,K2A ALUGUEL DE EQUIPAMENTOS MEDICOS E HOSPITALARES LTDA,MÁSCARA GASOTERAPIA,UNIDADE,6,100,600
Encerrado,15 de abr. de 2020,1200140600023202000005,27059395000154,K2A ALUGUEL DE EQUIPAMENTOS MEDICOS E HOSPITALARES LTDA,RESERVATÓRIO,UNIDADE,3,200,600
Encerrado,15 de abr. de 2020,1200140600023202000008,27059395000154,K2A ALUGUEL DE EQUIPAMENTOS MEDICOS E HOSPITALARES LTDA,CATETER OXIGENOTERAPIA,UNIDADE,6,80,480
Encerrado,15 de abr. de 2020,1200140600023202000009,27059395000154,K2A ALUGUEL DE EQUIPAMENTOS MEDICOS E HOSPITALARES LTDA,CATETER OXIGENOTERAPIA,UNIDADE,3,150,450
Encerrado,15 de abr. de 2020,1200140600023202000004,27059395000154,K2A ALUGUEL DE EQUIPAMENTOS MEDICOS E HOSPITALARES LTDA,"MATERIAL P, VNI - CPAP , BIPAP",UNIDADE,3,150,450
Encerrado,15 de abr. de 2020,1200140600023202000006,27059395000154,K2A ALUGUEL DE EQUIPAMENTOS MEDICOS E HOSPITALARES LTDA,FILTRO AR,UNIDADE,6,75,450
Encerrado,14 de abr. de 2020,1206280600020202000001,23146066000190,STAR COMERCIO DE ALIMENTOS LTDA,ÁLCOOL ETÍLICO,GALÃO,310,265.5,82305
Encerrado,14 de abr. de 2020,1206330600043202000005,3431949000134,VALDECI DUARTE SILVA,VÁLVULA REGULADORA CILINDRO GÁS,UNIDADE,30,396,11880
Encerrado,14 de abr. de 2020,1206330600043202000003,3431949000134,VALDECI DUARTE SILVA,VÁLVULA REGULADORA CILINDRO GÁS,UNIDADE,35,217,7595
Encerrado,14 de abr. de 2020,1206330600043202000002,3431949000134,VALDECI DUARTE SILVA,CONJUNTO OXIGÊNIO MEDICINAL,UNIDADE,35,204,7140
Encerrado,14 de abr. de 2020,1206330600043202000001,3431949000134,VALDECI DUARTE SILVA,REGULADOR PRESSÃO,UNIDADE,60,91,5460
Encerrado,14 de abr. de 2020,1206330600043202000004,3431949000134,VALDECI DUARTE SILVA,MATERIAL GASOTERAPIA,UNIDADE,80,30.6,2448
Encerrado,14 de abr. de 2020,1206330600043202000008,3431949000134,VALDECI DUARTE SILVA,VÁLVULA REGULADORA CILINDRO GÁS,UNIDADE,20,121,2420
Encerrado,14 de abr. de 2020,1206330600043202000009,3431949000134,VALDECI DUARTE SILVA,MATERIAL PARA SISTEMA PNEUMÁTICO,UNIDADE,40,36.4,1456
Encerrado,14 de abr. de 2020,1206330600043202000007,3431949000134,VALDECI DUARTE SILVA,VÁLVULA REGULADORA CILINDRO GÁS,UNIDADE,20,67,1340
Encerrado,14 de abr. de 2020,1206330600043202000006,3431949000134,VALDECI DUARTE SILVA,MATERIAL GASOTERAPIA,UNIDADE,30,43.5,1305
Encerrado,13 de abr. de 2020,1200140600022202000001,27059395000154,K2A ALUGUEL DE EQUIPAMENTOS MEDICOS E HOSPITALARES LTDA,RESPIRADOR,UNIDADE,3,1200,3600
Encerrado,13 de abr. de 2020,1200140600022202000006,27059395000154,K2A ALUGUEL DE EQUIPAMENTOS MEDICOS E HOSPITALARES LTDA,OXÍMETRO DIGITAL,UNIDADE,10,245,2450
Encerrado,13 de abr. de 2020,1200140600022202000004,27059395000154,K2A ALUGUEL DE EQUIPAMENTOS MEDICOS E HOSPITALARES LTDA,CONCENTRADOR DE OXIGÊNIO,UNIDADE,3,600,1800
Encerrado,13 de abr. de 2020,1200140600022202000003,27059395000154,K2A ALUGUEL DE EQUIPAMENTOS MEDICOS E HOSPITALARES LTDA,CONCENTRADOR DE OXIGÊNIO,UNIDADE,3,400,1200
Encerrado,13 de abr. de 2020,1200140600022202000002,27059395000154,K2A ALUGUEL DE EQUIPAMENTOS MEDICOS E HOSPITALARES LTDA,UMIDIFICADOR E PURIFICADOR AMBIENTE,UNIDADE,3,200,600
Encerrado,13 de abr. de 2020,1200140600022202000005,27059395000154,K2A ALUGUEL DE EQUIPAMENTOS MEDICOS E HOSPITALARES LTDA,LOCAÇÃO DE CILINDRO,UNIDADE,3,100,300
Encerrado,9 de abr. de 2020,1206330600040202000001,32324669000125,BRAGAL COMERCIAL E SERVICOS LTDA,MÁSCARA,UNIDADE,2500,19.8,49500
Encerrado,9 de abr. de 2020,1206300600007202000001,4970729000141,PIRES & PIRES LTDA,ÁLCOOL ETÍLICO,GALÃO,140,165,23100
Encerrado,9 de abr. de 2020,1206330600042202000012,24524417000111,VILA GUGU CARNES EIRELI,BANDEJA,UNIDADE,90,217.5,19575
Encerrado,9 de abr. de 2020,1206330600042202000002,24524417000111,VILA GUGU CARNES EIRELI,MARMITA DESCARTÁVEL,CAIXA,48,197.06,9458.88
Encerrado,9 de abr. de 2020,1206330600042202000004,24524417000111,VILA GUGU CARNES EIRELI,CONJUNTO ALIMENTAÇÃO,UNIDADE,8,650.08,5200.64
Encerrado,9 de abr. de 2020,1206330600042202000001,24524417000111,VILA GUGU CARNES EIRELI,MARMITA DESCARTÁVEL,CAIXA,24,207.2,4972.8
Encerrado,9 de abr. de 2020,1206330600042202000007,24524417000111,VILA GUGU CARNES EIRELI,COPO DESCARTÁVEL,CAIXA,10,383.6,3836
Encerrado,9 de abr. de 2020,1206330600041202000001,34053259000112,SMARTFLEX COMERCIO DE ETIQUETAS E ROTULOS EIRELI,ETIQUETA AUTO-ADESIVA,UNIDADE,250,9.8,2450
Encerrado,9 de abr. de 2020,1200160600035202000001,33902678000119,"ENGEGASES MAQUINAS, EQUIPAMENTOS E COMERCIO EIRELI",CILINDRO GÁS,UNIDADE,2,980,1960
Encerrado,9 de abr. de 2020,1200160600035202000003,33902678000119,"ENGEGASES MAQUINAS, EQUIPAMENTOS E COMERCIO EIRELI",CILINDRO GÁS,UNIDADE,2,860,1720
Encerrado,9 de abr. de 2020,1200160600035202000005,331788002910,AIR LIQUIDE BRASIL LTDA,VÁLVULA REGULADORA CILINDRO GÁS,UNIDADE,10,142.5,1425.01
Encerrado,9 de abr. de 2020,1200160600035202000004,331788002910,AIR LIQUIDE BRASIL LTDA,VÁLVULA REGULADORA CILINDRO GÁS,UNIDADE,10,141.18,1411.84
Encerrado,9 de abr. de 2020,1206330600042202000011,24524417000111,VILA GUGU CARNES EIRELI,SACO,PACOTE,12,102.41,1228.92
Encerrado,9 de abr. de 2020,1200160600035202000009,33902678000119,"ENGEGASES MAQUINAS, EQUIPAMENTOS E COMERCIO EIRELI",VÁLVULA REGULADORA CILINDRO GÁS,UNIDADE,3,370,1110
Encerrado,9 de abr. de 2020,1200160600035202000008,33902678000119,"ENGEGASES MAQUINAS, EQUIPAMENTOS E COMERCIO EIRELI",VÁLVULA REGULADORA CILINDRO GÁS,UNIDADE,3,370,1110
Encerrado,9 de abr. de 2020,1200160600035202000010,331788002910,AIR LIQUIDE BRASIL LTDA,BOLSA RESERVATORIO O2,UNIDADE,5,198.28,991.43
Encerrado,9 de abr. de 2020,1200160600035202000013,331788002910,AIR LIQUIDE BRASIL LTDA,"PEÇA , COMPONENTE EQUIPAMENTO HOSPITALAR",UNIDADE,10,98,980
Encerrado,9 de abr. de 2020,1206330600042202000008,24524417000111,VILA GUGU CARNES EIRELI,COPO DESCARTÁVEL,CAIXA,5,165.49,827.45
Encerrado,9 de abr. de 2020,1206330600042202000010,24524417000111,VILA GUGU CARNES EIRELI,SACO,EMBALAGEM,6,136.12,816.72
Encerrado,9 de abr. de 2020,1206330600042202000006,24524417000111,VILA GUGU CARNES EIRELI,COPO DESCARTÁVEL,CAIXA,7,108.71,760.97
Encerrado,9 de abr. de 2020,1206330600042202000003,24524417000111,VILA GUGU CARNES EIRELI,MARMITA DESCARTÁVEL,CAIXA,12,59.77,717.24
Encerrado,9 de abr. de 2020,1200160600035202000007,331788002910,AIR LIQUIDE BRASIL LTDA,FLUXÔMETRO,UNIDADE,15,46.39,695.91
Encerrado,9 de abr. de 2020,1206330600042202000009,24524417000111,VILA GUGU CARNES EIRELI,POTE ALIMENTOS,CONJUNTO,6,113.57,681.42
Encerrado,9 de abr. de 2020,1200160600035202000006,331788002910,AIR LIQUIDE BRASIL LTDA,FLUXÔMETRO,UNIDADE,15,39.24,588.69
Encerrado,9 de abr. de 2020,1200160600035202000002,33902678000119,"ENGEGASES MAQUINAS, EQUIPAMENTOS E COMERCIO EIRELI",CONJUNTO OXIGÊNIO MEDICINAL,UNIDADE,2,245,490
Encerrado,9 de abr. de 2020,1206330600042202000005,24524417000111,VILA GUGU CARNES EIRELI,COLHER DESCARTÁVEL,CAIXA,6,81.17,487.02
Encerrado,9 de abr. de 2020,1206330600042202000013,24524417000111,VILA GUGU CARNES EIRELI,CANUDO REFRESCO,CAIXA,1,126,126
Encerrado,9 de abr. de 2020,1200160600035202000012,331788002910,AIR LIQUIDE BRASIL LTDA,"MATERIAL P, VNI - CPAP , BIPAP",UNIDADE,5,14.62,73.14
Encerrado,9 de abr. de 2020,1200160600035202000011,331788002910,AIR LIQUIDE BRASIL LTDA,"MATERIAL P, VNI - CPAP , BIPAP",UNIDADE,5,14.62,73.14
Encerrado,8 de abr. de 2020,1206320600008202000001,4167092000150,R F BARROS,AVENTAL HOSPITALAR,UNIDADE,3016,30,90480
Encerrado,8 de abr. de 2020,1206320600016202000001,15721443000220,CATAY COMERCIAL IMPORTADORA E EXPORTADORA LTDA,LUVA CIRÚRGICA,PAR,8000,6.3,50400
Encerrado,8 de abr. de 2020,1206320600016202000002,15721443000220,CATAY COMERCIAL IMPORTADORA E EXPORTADORA LTDA,LUVA CIRÚRGICA,PAR,6000,6.3,37800
Encerrado,8 de abr. de 2020,1206330600044202000002,33700652000198,ZI COMERCIO E DISTRIBUIDORA DE COSMETICOS LTDA.,ÁLCOOL ETÍLICO,FRASCO,2500,14.5,36250
Encerrado,8 de abr. de 2020,1206320600011202000001,17602864000186,DELTA INDUSTRIA E COM. LTDA,ÁLCOOL ETÍLICO,GALÃO,800,45,36000
Encerrado,8 de abr. de 2020,1200160600033202000001,21487927000178,NEUPHARMA DISTRIBUICAO DE MATERIAL MEDICO HOSPITALAR LTDA,AVENTAL HOSPITALAR,UNIDADE,1000,32.74,32740
Encerrado,8 de abr. de 2020,1206330600044202000010,33700652000198,ZI COMERCIO E DISTRIBUIDORA DE COSMETICOS LTDA.,ÁLCOOL ETÍLICO,FRASCO,2000,14.5,29000
Encerrado,8 de abr. de 2020,1206320600014202000001,32713483000168,G L PRADO REPRESENTACOES E DISTRIBUIDORA COMERCIO E SERVICOS LTDA,CONJUNTO PARA CRICOTIROTOMIA,UNIDADE,10,2864,28640
Encerrado,8 de abr. de 2020,1206330600044202000009,33700652000198,ZI COMERCIO E DISTRIBUIDORA DE COSMETICOS LTDA.,ÁLCOOL ETÍLICO,FRASCO,1000,14.5,14500
Encerrado,8 de abr. de 2020,1206330600044202000001,33700652000198,ZI COMERCIO E DISTRIBUIDORA DE COSMETICOS LTDA.,ÁLCOOL ETÍLICO,FRASCO,900,14.5,13050
Encerrado,8 de abr. de 2020,1206320600013202000003,31284307000195,ROBERTA ELENITA DE BARROS VALDEVINO 10662511778,ÓCULOS DE PROTEÇÃO INDIVIDUAL,UNIDADE,1000,13,13000
Encerrado,8 de abr. de 2020,1206330600044202000006,33700652000198,ZI COMERCIO E DISTRIBUIDORA DE COSMETICOS LTDA.,ÁLCOOL ETÍLICO,FRASCO,800,14.5,11600
Encerrado,8 de abr. de 2020,1206320600011202000002,17602864000186,DELTA INDUSTRIA E COM. LTDA,ÁLCOOL ETÍLICO,GALÃO,100,90,9000
Encerrado,8 de abr. de 2020,1206330600044202000008,33700652000198,ZI COMERCIO E DISTRIBUIDORA DE COSMETICOS LTDA.,ÁLCOOL ETÍLICO,FRASCO,600,14.5,8700
Encerrado,8 de abr. de 2020,1206330600044202000004,33700652000198,ZI COMERCIO E DISTRIBUIDORA DE COSMETICOS LTDA.,ÁLCOOL ETÍLICO,FRASCO,352,14.5,5104
Encerrado,8 de abr. de 2020,1206330600044202000005,33700652000198,ZI COMERCIO E DISTRIBUIDORA DE COSMETICOS LTDA.,ÁLCOOL ETÍLICO,FRASCO,200,14.5,2900
Encerrado,8 de abr. de 2020,1206320600016202000003,15721443000220,CATAY COMERCIAL IMPORTADORA E EXPORTADORA LTDA,PROTETOR FACIAL,UNIDADE,100,22,2200
Encerrado,8 de abr. de 2020,1206330600044202000007,33700652000198,ZI COMERCIO E DISTRIBUIDORA DE COSMETICOS LTDA.,ÁLCOOL ETÍLICO,FRASCO,75,14.5,1087.5
Encerrado,8 de abr. de 2020,1206330600044202000003,33700652000198,ZI COMERCIO E DISTRIBUIDORA DE COSMETICOS LTDA.,ÁLCOOL ETÍLICO,FRASCO,60,14.5,870
Encerrado,3 de abr. de 2020,1206330600036202000005,5421585000137,WINNER INDUSTRIA DE DESCARTAVEIS LTDA,FRALDA DESCARTÁVEL,UNIDADE,8000,5,40000
Encerrado,3 de abr. de 2020,1206330600036202000007,5421585000137,WINNER INDUSTRIA DE DESCARTAVEIS LTDA,CLOREXIDINA DIGLUCONATO,UNIDADE,1000,27,27000
Encerrado,3 de abr. de 2020,1206330600036202000004,15277824000180,GIGAMED COMERCIO DE PRODUTOS MEDICOS HOSPITALARES LTDA,MATERIAL ESPECIAL CARDIOVASCULAR,UNIDADE,200,128,25600
Encerrado,3 de abr. de 2020,1206330600036202000002,48286728000158,CIRUVALE COMERCIO DE MATERIAL CIRURGICO LTDA,EQUIPO ESPECIAL,UNIDADE,5000,1.9,9500
Encerrado,3 de abr. de 2020,1206330600036202000006,5421585000137,WINNER INDUSTRIA DE DESCARTAVEIS LTDA,COMPRESSA HOSPITALAR,UNIDADE,500,18.9,9450
Encerrado,3 de abr. de 2020,1206330600036202000003,48286728000158,CIRUVALE COMERCIO DE MATERIAL CIRURGICO LTDA,TORNEIRINHA,UNIDADE,5000,1.8,9000
Encerrado,3 de abr. de 2020,1206330600036202000001,48286728000158,CIRUVALE COMERCIO DE MATERIAL CIRURGICO LTDA,ELETRODO,UNIDADE,200,38,7600
Encerrado,3 de abr. de 2020,1200160600032202000002,24382535000132,PONTUAL HOSPITALAR EIRELI,FLUTICASONA,EMBALAGEM,50,135,6750
Encerrado,3 de abr. de 2020,1200160600032202000003,24382535000132,PONTUAL HOSPITALAR EIRELI,CETAMINA CLORIDRATO,FRASCO,50,81.1,4055
Encerrado,3 de abr. de 2020,1200160600032202000004,24382535000132,PONTUAL HOSPITALAR EIRELI,ESPAÇADOR,UNIDADE,50,34.8,1740
Encerrado,3 de abr. de 2020,1200160600032202000001,24382535000132,PONTUAL HOSPITALAR EIRELI,SALBUTAMOL,FRASCO,100,15.67,1567
Encerrado,2 de abr. de 2020,1201950600076202000001,24022700000145,EMEC MATERIAIS HOSPITALARES - EIRELI,AVENTAL HOSPITALAR,UNIDADE,4000,26,104000
Encerrado,2 de abr. de 2020,1201950600078202000001,5925340000147,GENESYS COMERCIAL LTDA,MÁSCARA,UNIDADE,30000,1.94,58200
Encerrado,2 de abr. de 2020,1200160600030202000001,5859032000160,MED CHOICE PRODUTO MEDICO HOSPITALAR LTDA,TERMÔMETRO CLÍNICO,UNIDADE,15,286.92,4303.8
Encerrado,2 de abr. de 2020,1200140600019202000001,14643259000165,CRS MEDICAL COMERCIO LTDA,MANUTENÇÃO APARELHOS MÉDICOS - HOSPITALARES,UNIDADE,1,2035.64,2035.64
Encerrado,2 de abr. de 2020,1200140600019202000002,14643259000165,CRS MEDICAL COMERCIO LTDA,MANUTENÇÃO APARELHOS MÉDICOS - HOSPITALARES,UNIDADE,1,1859.14,1859.14
Encerrado,2 de abr. de 2020,1200140600018202000001,11726439000112,S & A COMERCIO VAREJISTA DE EQUIPAMENTOS HOSPITALARES,MANUTENÇÃO APARELHOS MÉDICOS - HOSPITALARES,UNIDADE,1,1120,1120
Encerrado,1 de abr. de 2020,1206330600032202000001,5421585000137,WINNER INDUSTRIA DE DESCARTAVEIS LTDA,VESTUÁRIO PROTEÇÃO,UNIDADE,1000,78,78000
Encerrado,1 de abr. de 2020,1206330600031202000001,7185113000158,I.E.S COMERCIO DE PRODUTOS MEDICOS E HOSPITALAR EIRELI,FILTRO VENTILAÇÃO MECÂNICA,UNIDADE,270,70.86,19132.2
Encerrado,1 de abr. de 2020,1206330600031202000004,96260369000102,CELSO LOPES MARTINS EIRELI,"CIRCUITO P, VENTILADOR PULMONAR",UNIDADE,444,32,14208
Encerrado,1 de abr. de 2020,1206330600031202000003,96260369000102,CELSO LOPES MARTINS EIRELI,"CIRCUITO P, VENTILADOR PULMONAR",UNIDADE,500,22,11000
Encerrado,1 de abr. de 2020,1200160600028202000002,2456074000162,BRAVERY INDUSTRIA E COMERCIO DE PRODUTOS DE HIGIENE E LIMPEZA LTDA,ÁLCOOL ETÍLICO,LITRO,1000,8.75,8750
Encerrado,1 de abr. de 2020,1200160600029202000002,2456074000162,BRAVERY INDUSTRIA E COMERCIO DE PRODUTOS DE HIGIENE E LIMPEZA LTDA,LUVA DE PROTEÇÃO,UNIDADE,17280,0.3,5184
Encerrado,1 de abr. de 2020,1206330600031202000002,7185113000158,I.E.S COMERCIO DE PRODUTOS MEDICOS E HOSPITALAR EIRELI,MÁSCARA GASOTERAPIA,UNIDADE,150,22.8,3420
Encerrado,1 de abr. de 2020,1200160600029202000001,2456074000162,BRAVERY INDUSTRIA E COMERCIO DE PRODUTOS DE HIGIENE E LIMPEZA LTDA,ÓCULOS PROTEÇÃO,UNIDADE,50,49.34,2467
Encerrado,1 de abr. de 2020,1200160600028202000001,2456074000162,BRAVERY INDUSTRIA E COMERCIO DE PRODUTOS DE HIGIENE E LIMPEZA LTDA,ÓCULOS PROTEÇÃO,UNIDADE,50,49.34,2467
Encerrado,31 de mar. de 2020,1206280600015202000001,7135898000154,OLIVEIRA & PRINTES LTDA,SERVIÇO ESPECIALIZADO DE LIMPEZA,UNIDADE,1,609533.22,609533.22
Encerrado,31 de mar. de 2020,1201950600031202000002,26408191000119,GRATTANO DISTRIBUIDORA DE ARTIGOS INDUSTRIAIS LTDA,MÁSCARA CIRÚRGICA,UNIDADE,22500,5.2,117148.5
Encerrado,31 de mar. de 2020,1201950600031202000003,9597896000102,VERMAT COMERCIAL LTDA,LUVA PARA PROCEDIMENTO NÃO CIRÚRGICO,CAIXA,2000,53.9,107800
Encerrado,31 de mar. de 2020,1201950600033202000004,331788002910,AIR LIQUIDE BRASIL LTDA,"CIRCUITO P, VENTILADOR PULMONAR",UNIDADE,100,1000,100000
Encerrado,31 de mar. de 2020,1201950600031202000004,19053897000140,NEW ORTHO COMERCIO DE PRODUTOS MEDICOS HOSPITALARES LTDA,ÁLCOOL ETÍLICO,GALÃO,500,120,60000
Encerrado,31 de mar. de 2020,1201950600033202000002,26408191000119,GRATTANO DISTRIBUIDORA DE ARTIGOS INDUSTRIAIS LTDA,AVENTAL,UNIDADE,2000,25.8,51600
Encerrado,31 de mar. de 2020,1201950600071202000001,27343091000114,DRI ASSESSORIA EVENTOS E SERVICOS EIRELI,ÁLCOOL ETÍLICO,LITRO,1267,22.23,28165.41
Encerrado,31 de mar. de 2020,1201950600070202000001,394429017429,COMANDO DA AERONAUTICA,ÁLCOOL ETÍLICO,LITRO,1267,22.23,28165.41
Encerrado,31 de mar. de 2020,1201950600033202000003,26408191000119,GRATTANO DISTRIBUIDORA DE ARTIGOS INDUSTRIAIS LTDA,AVENTAL,UNIDADE,500,56,28000
Encerrado,31 de mar. de 2020,1201950600033202000001,26408191000119,GRATTANO DISTRIBUIDORA DE ARTIGOS INDUSTRIAIS LTDA,MACACÃO,UNIDADE,500,25.8,12900
Encerrado,31 de mar. de 2020,1201950600031202000001,5925340000147,GENESYS COMERCIAL LTDA,MÁSCARA CIRÚRGICA,UNIDADE,5000,1.4,7000
Encerrado,31 de mar. de 2020,1206260600011202000002,21487927000178,NEUPHARMA DISTRIBUICAO DE MATERIAL MEDICO HOSPITALAR LTDA,MÁSCARA CIRÚRGICA,UNIDADE,1000,3.91,3910
Encerrado,31 de mar. de 2020,1206330600035202000001,3576719000163,COMERCIAL LUX CLEAN LTDA,ÁLCOOL ETÍLICO,FRASCO,210,16,3360
Encerrado,31 de mar. de 2020,1206260600011202000003,11032062000100,ACS MEDICAL PRODUTOS HOSPITALARES LTDA,FILTRO VENTILAÇÃO MECÂNICA,UNIDADE,15,45,675
Encerrado,31 de mar. de 2020,1206330600035202000005,3576719000163,COMERCIAL LUX CLEAN LTDA,ÁLCOOL ETÍLICO,FRASCO,26,21.32,554.32
Encerrado,31 de mar. de 2020,1206330600035202000006,3576719000163,COMERCIAL LUX CLEAN LTDA,ÁLCOOL ETÍLICO,FRASCO,26,18.04,469.04
Encerrado,31 de mar. de 2020,1206330600035202000004,3576719000163,COMERCIAL LUX CLEAN LTDA,ÁLCOOL ETÍLICO,FRASCO,16,22.21,355.36
Encerrado,31 de mar. de 2020,1206260600011202000001,64765548000105,TECNOCLIN ELETRONICA LTDA,FILTRO,UNIDADE,15,8.99,134.85
Encerrado,31 de mar. de 2020,1206330600035202000002,3576719000163,COMERCIAL LUX CLEAN LTDA,ÁLCOOL ETÍLICO,GALÃO,1,80,80
Encerrado,31 de mar. de 2020,1206330600035202000003,3576719000163,COMERCIAL LUX CLEAN LTDA,ÁLCOOL ETÍLICO,FRASCO,5,14.5,72.5
Encerrado,30 de mar. de 2020,1200160600998202000001,26408191000119,GRATTANO DISTRIBUIDORA DE ARTIGOS INDUSTRIAIS LTDA,MATERIAL HOSPITALAR,UNIDADE,100000,0.5,50000
Encerrado,30 de mar. de 2020,1206260600009202000002,65640591000107,MARTFER COMERCIO DE FERRAGENS LTDA,PROTETOR FACIAL,UNIDADE,10,61.75,617.5
Encerrado,30 de mar. de 2020,1206330600030202000001,4307650001530,ONCO PROD DISTRIBUIDORA DE PRODUTOS HOSPITALARES E ONCOLOGICOS LTDA.,HIDROXICLOROQUINA SULFATO,COMPRIMIDO,450,1.37,616.5
Encerrado,30 de mar. de 2020,1206330600030202000002,16553940000148,MEDMAX COMERCIO DE MEDICAMENTOS LTDA,AZITROMICINA,COMPRIMIDO,500,0.92,460
Encerrado,27 de mar. de 2020,1206280600014202000001,35751570000106,C2 SERVICOS DE LIMPEZA EIRELI,SERVIÇO ESPECIALIZADO DE LIMPEZA,UNIDADE,1,609533.22,609533.22
Encerrado,27 de mar. de 2020,1206280600012202000001,7135898000154,OLIVEIRA & PRINTES LTDA,SERVIÇO ESPECIALIZADO DE LIMPEZA,UNIDADE,1,101588.87,101588.87
Encerrado,27 de mar. de 2020,1206330600029202000001,18466544000109,PROTECTOR INDUSTRIA E COMERCIO DE PRODUTOS MEDICO HOSPITALARES LTDA,COBRE CORPO,UNIDADE,400,9.8,3920