Compra,Modalidade da Compra,Processo,Código da UASG,Nome da UASG,Município/UF,Objeto,Itens,Contratos,Valor Total da Compra
28/2020,Dispensa de Licitação,63079001178202036,771000,DIRETORIA DE ABASTECIMENTO DA MARINHA,Rio de Janeiro/RJ,"REAGENTE PARA DIAGNÓSTICO CLÍNICO 7, TIPO CONJUNTO COMPLETO, TIPO ANÁLISE QUALITATIVO ANTICORONAVIRUS COVID-19 IGG E IGM, APRESENTAÇÃO TESTE, MÉTODO IMUNOCROMATOGRAFIA E COM REGISTRO VIGENTE NA ANVISA, DE ACORDO COM A RESOLUÇÃO Nº 348, DE 17 DE MARÇO DE 2020.",1,0,4150000
26/2020,Dispensa de Licitação,63079001149202074,771000,DIRETORIA DE ABASTECIMENTO DA MARINHA,Rio de Janeiro/RJ,AQUISIÇÃO EMERGENCIAL DE MATERIAIS HOSPITALARES PARA COMBATE AO CORONAVÍRUS.,2,0,4003960
18/2020,Dispensa de Licitação,63079000935202054,771000,DIRETORIA DE ABASTECIMENTO DA MARINHA,Rio de Janeiro/RJ,"O OBJETO DO PRESENTE TERMO É A AQUISIÇÃO EMERGENCIAL DE MATERIAIS HOSPITALARES PARA COMBATE AO CORONAVÍRUS, A FIM DE ATENDER ÀS NECESSIDADES PARA RECOMPLETAMENTO, EM CARÁTER EMERGENCIAL, DO ESTOQUE DA DIRETORIA DE ABASTECIMENTO DA MARINHA, CONFORME ESPECIFICAÇÕES E QUANTITATIVOS ESTABELECIDOS NO TERMO DE REFERÊNCIA.",2,0,2240000
33/2020,Dispensa de Licitação,63079001602202042,771000,DIRETORIA DE ABASTECIMENTO DA MARINHA,Rio de Janeiro/RJ,"REAGENTE PARA DIAGNÓSTICO CLÍNICO 7, TIPO CONJUNTO COMPLETO, TIPO ANÁLISE QUALITATIVO ANTICORONAVÍRUS COVID-19 IGG E IGM, APRESENTAÇÃO TESTE, MÉTODO IMUNOCROMATOGRAFIA.",1,0,1994500
41/2020,Dispensa de Licitação,63148008404202049,765720,HOSPITAL NAVAL MARCILIO DIAS - MM,Rio de Janeiro/RJ,"AQUISIÇÃO DE MONITORES MULTIPARÂMETRICOS COMPLETOS, INTERMEDIÁRIOS E BÁSICOS E CENTRAL DE MONITORIZAÇÃO.",4,0,1289845.31
8/2020,Dispensa de Licitação,63071001335202083,765741,LABORATORIO FARMACEUTICO DA MARINHA/RJ,Rio de Janeiro/RJ,AQUISIÇÃO DE UM SISTEMA ANALÍTICO TG-DTA E DE UM ANALISADOR DE CARBONO ORGÂNICO TOTAL (TOC) PORTÁTIL PARA A SEÇÃO DE CONTROLE DE QUALIDADE E PARA A DIVISÃO DE DESENVOLVIMENTO DO LABORATÓRIO FARMACÊUTICO DA MARINHA,2,1,1024796.8
2/2020,Dispensa de Licitação,63061001280202021,784700,HOSPITAL NAVAL DE BELEM,Belém/PA,"AQUISIÇÃO DE EQUIPAMENTO TOMÓGRAFO, COM INSTALAÇÃO E GARANTIA DE FABRICA.",1,1,995000
20/2020,Dispensa de Licitação,63079000983202042,771000,DIRETORIA DE ABASTECIMENTO DA MARINHA,Rio de Janeiro/RJ,AQUISIÇÃO EMERGENCIAL DE MÁSCARAS FACIAIS DE USO NÃO PROFISSIONAL PARA PROTEGER A TRIPULAÇÃO DA MARINHA DO BRASIL DOS RISCOS DE TRANSMISSÃO ASSOCIADOS À COVID-19.,1,0,862500
21/2020,Dispensa de Licitação,63079000987202021,771000,DIRETORIA DE ABASTECIMENTO DA MARINHA,Rio de Janeiro/RJ,"AVENTAL DESCARTÁVEL, NÃO ESTÉRIL, USO HOSPITALAR, EM TNT, COM GRAMATURA DE 40G/M², MANGAS LONGAS COM PUNHO ELÁSTICO, ATÓXICO, DISPOSITIVO DE AMARRAR NO PESCOÇO E NA ALTURA DA CINTURA COM FECHAMENTO EM TRANSPASSE. 1,35 DE LARGURA X 1,15 DE ALTURA ENTRE AS CORES AZUL, PRETO E BRANCO",1,0,740000
57/2020,Dispensa de Licitação,63446000467202092,795500,BASE DE FUZILEIROS NAVAIS DO RIO MERITI,Duque de Caxias/RJ,"MATERIAL COM APLICAÇÃO PELO GPTOPFUZNAV QUE ATUARÁ FRENTE A PANDEMIA DA COVID-19.  ",1,0,620000
55/2020,Dispensa de Licitação,63446000467202092,795500,BASE DE FUZILEIROS NAVAIS DO RIO MERITI,Duque de Caxias/RJ,MATERIAL COM APLICAÇÃO PELO GPTOPFUZNAV QUE ATUARÁ FRENTE A PANDEMIA DA COVID-19.,1,0,620000
240/2020,Dispensa de Licitação,63512000331202041,791010,CENTRO DE INTENDENCIA DA MARINHA NITEROI,Niterói/RJ,VENTILADOR DE TRANSPORTE E EMERGÊNCIA MONNAL T60.,1,0,520000
25/2020,Dispensa de Licitação,63148006179202014,765720,HOSPITAL NAVAL MARCILIO DIAS - MM,Rio de Janeiro/RJ,AQUISIÇÃO DE TESTE COVID-19 (TESTE RÁPIDO PARA DETECÇÃO QUALITATIVA DE ANTICORPOS IGG E IGM PARA COVID-19 - APRESENTAÇÃO CAIXA COM 25 UNIDADES.,1,0,474500
47/2020,Dispensa de Licitação,63148008817202097,765720,HOSPITAL NAVAL MARCILIO DIAS - MM,Rio de Janeiro/RJ,AQUISIÇÃO DE TESTE RÁPIDO PARA DETECÇÃO QUALITATIVA DE ANTICORPOS IGG E IGM PARA COVID-19,1,0,470500
64/2020,Dispensa de Licitação,63148011995202031,765720,HOSPITAL NAVAL MARCILIO DIAS - MM,Rio de Janeiro/RJ,AQUISIÇÃO DE INSUMOS PARA ENFRENTAMENTO DA PANDEMIA DE COVID-19 (MAXWELL 16 VIRAL TOTAL NUCLEIC ACID PURIFICATION - APRESENTAÇÃO 48 PREPS E GOTAQ PROBE 1-STEP RT-QPCR),2,0,469460
5/2020,Dispensa de Licitação,63071001259202014,765741,LABORATORIO FARMACEUTICO DA MARINHA/RJ,Rio de Janeiro/RJ,AQUISIÇÃO DE DIFRATÔMETRO DE RAIO-X DE BANCADA,1,0,457800
23/2020,Dispensa de Licitação,63148005421202024,765720,HOSPITAL NAVAL MARCILIO DIAS - MM,Rio de Janeiro/RJ,AQUISIÇÃO DE MÁSCARA N95,1,0,450000
19/2020,Dispensa de Licitação,63,765000,DIRETORIA DE SAUDE DA MARINHA,Rio de Janeiro/RJ,MATERIAL UTILIZADO NO ENFRENTAMENTO DA PANDEMIA DA COVID-19 A SER UTILIZADO EM UNIDADE DE TERAPIA INTENSIVA E EMERGÊNCIA.,1,0,440000
84/2020,Dispensa de Licitação,63013001180202070,765000,DIRETORIA DE SAUDE DA MARINHA,Rio de Janeiro/RJ,MATERIAL UTILIZADO NO ENFRENTAMENTO DA PANDEMIA DA COVID-19 A SER UTILIZADO EM UNIDADE DE TERAPIA INTENSIVA E EMERGÊNCIA.,1,0,440000
917/2020,Dispensa de Licitação,63394000443202096,749000,DIRETORIA DE COMUNI E TEC. DA INF. DA MARINHA,Rio de Janeiro/RJ,"CONTRATAÇÃO DE SUBSCRIÇÕES DE USO DE SOFTWARE OFICIAL CITRIX PARA EXPANSÃO EMERGENCIAL DO PORTAL DE SERVIÇOS DA MB (PORTAL MB), SERVIÇO DE CONSULTORIA PARA AJUSTAR O AMBIENTE DO PORTAL MB E SERVIÇO DE SUPORTE PARA TRATAR OS POSSÍVEIS PROBLEMAS DECORRENTES DO AUMENTO SIGNIFICATIVO DE ACESSO AO PORTAL MB, A FIM DE POSSIBILITAR O TELETRABALHO DECORRENTE DO COVID-19",3,0,438560
47/2020,Dispensa de Licitação,63079002323202004,771000,DIRETORIA DE ABASTECIMENTO DA MARINHA,Rio de Janeiro/RJ,"REAGENTE PARA DIAGNÓSTICO CLÍNICO 7, TIPO CONJUNTO COMPLETO, TIPO ANÁLISE QUALITATIVO ANTICORONAVÍRUS COVID-19 IGG E IGM, APRESENTAÇÃO TESTE, MÉTODO IMUNOCROMATOGRAFIA E COM REGISTRO VIGENTE NA ANVISA.",1,0,394020
29/2020,Dispensa de Licitação,63079001207202060,771000,DIRETORIA DE ABASTECIMENTO DA MARINHA,Rio de Janeiro/RJ,AQUISIÇÃO EMERGENCIAL DE MATERIAIS HOSPITALARES PARA COMBATE AO CORONAVÍRUS.,2,0,344805
27/2020,Dispensa de Licitação,63148006176202072,765720,HOSPITAL NAVAL MARCILIO DIAS - MM,Rio de Janeiro/RJ,"AQUISIÇÃO DE INSUMOS PARA PESQUISA CIENTÍFICA E DETECÇÃO DO COVID-19 (MAXWELL 16 VIRAL TOTAL NUCLEIC ACID PURIFICATION UOM 48 PREPS E GOTAQ PROBE 1-STEP RT - QQPCR, UOM 12,5",2,0,323653
55/2020,Dispensa de Licitação,63148008401202013,765720,HOSPITAL NAVAL MARCILIO DIAS - MM,Rio de Janeiro/RJ,"AQUISIÇÃO DE TOMÓGRAFO DE BIOIMPEDÂNCIA TIMPEL ENLIGHT- ANALISADOR DE PLETISMOGRAFIA E FUNÇÃO PULMONAR POR IMPEDÂNCIA ELÉTRICA; CINTAS ENLIGHT TAMANHOS P, M E G ; ELETRODOS ADDERE TAMANHOS P, M E G E SENSOR DE FLUXO ADULTO/PEDIÁTRICO.",1,0,259290.7
10/2020,Dispensa de Licitação,50/2020,765000,DIRETORIA DE SAUDE DA MARINHA,Rio de Janeiro/RJ,MONITOR MODULAR T5 DESTINADO AO HOSPITAL NAVAL MARCÍLIO DIAS PARA ENFRENTAMENTO DA PANDEMIA COVID-19.,1,0,251500
24/2020,Dispensa de Licitação,58/2020,765000,DIRETORIA DE SAUDE DA MARINHA,Rio de Janeiro/RJ,"MONITOR MODULAR T5 BÁSICO (ECG, RESP, TEMP, PNI E OXIMETRIA) COM PRESSÃO INVASIVA, CAPNOGRAFIA MAINSTREAM E VISOR LCD COLORIDO DE 12.1""",1,0,251500
12/2020,Dispensa de Licitação,58,765000,DIRETORIA DE SAUDE DA MARINHA,Rio de Janeiro/RJ,"MONITOR MODULAR T5 BASICO (ECG,RESP,TEMP,PNI E OXIMETRIA) COM PRESSÃO INVASIVA, CAPNOGRAFIA MAINSTREAM E VISOR LCD COLORIDO DE 12.1"".",1,0,251500
7/2020,Dispensa de Licitação,65000-0019/2020,765000,DIRETORIA DE SAUDE DA MARINHA,Rio de Janeiro/RJ,MONITOR MODULAR T5,10,0,251500
23/2020,Dispensa de Licitação,68,765000,DIRETORIA DE SAUDE DA MARINHA,Rio de Janeiro/RJ,MATERIAL UTILIZADO NO ENFRENTAMENTO DA PANDEMIA DA COVID-19 A SER UTILIZADO EM UNIDADE DE TERAPIA INTENSIVA E EMERGÊNCIA.,2,0,243500
22/2020,Dispensa de Licitação,68,765000,DIRETORIA DE SAUDE DA MARINHA,Rio de Janeiro/RJ,MATERIAL UTILIZADO NO ENFRENTAMENTO DA PANDEMIA DA COVID-19 A SER UTILIZADO NO HOSPITAL DE CONTINGÊNCIA (HC) MONTADO NO CEFAN.,2,0,243500
20/2020,Dispensa de Licitação,64,765000,DIRETORIA DE SAUDE DA MARINHA,Rio de Janeiro/RJ,MATERIAL UTILIZADO NO ENFRENTAMENTO DA PANDEMIA DA COVID-19 A SER UTILIZADO NO HOSPITAL DE CONTINGÊNCIA (HC) MONTADO NO CEFAN.,2,0,243500
81/2020,Dispensa de Licitação,63013001167202011,765000,DIRETORIA DE SAUDE DA MARINHA,Rio de Janeiro/RJ,MATERIAL UTILIZADO NO ENFRENTAMENTO DA PANDEMIA DA COVID-19 A SER UTILIZADO EM UNIDADE DE TERAPIA INTENSIVA E EMERGÊNCIA.,2,0,243500
32/2020,Dispensa de Licitação,63079001729202061,771000,DIRETORIA DE ABASTECIMENTO DA MARINHA,Rio de Janeiro/RJ,"AQUISIÇÃO EMERGENCIAL DE MÁSCARAS DE PANO DE ACORDO COM AS RECOMENDAÇÕES DA ANVISA, PARA CONTRIBUIR NO ENFRENTAMENTO AO CORONA VÍRUS.",1,0,230000
35/2020,Dispensa de Licitação,63148007491202017,765720,HOSPITAL NAVAL MARCILIO DIAS - MM,Rio de Janeiro/RJ,AQUISIÇÃO DE TERMOCILADOR (INSTRUMENTO QUANTSTUDIO 5 BLOCO 96 200UL QPCR CDM),1,0,228550
45/2020,Dispensa de Licitação,63148007955202095,765720,HOSPITAL NAVAL MARCILIO DIAS - MM,Rio de Janeiro/RJ,AQUISIÇÃO DE 15.000 UNIDADES DE AVENTAL PARA PROCEDIMENTO MANGA LONGA COM PUNHO ELÁSTICO TNT BRANCO 40 G,1,0,195000
68/2020,Dispensa de Licitação,63148014665202006,765720,HOSPITAL NAVAL MARCILIO DIAS - MM,Rio de Janeiro/RJ,AQUISIÇÃO DE TESTES PARA DETECÇÃO DE ANTÍGENO DE COVID-19,1,0,162000
59/2020,Dispensa de Licitação,63446000467202092,795500,BASE DE FUZILEIROS NAVAIS DO RIO MERITI,Duque de Caxias/RJ,"MATERIAL COM APLICAÇÃO PELO GPTOPFUZNAV QUE ATUARÁ FRENTE A PANDEMIA DA COVID-19.                          OBS: SERÁ ADQUIRIDO DUAS (02) UNIDADES. OS VALORES ESTÃO EM DUAS (02) EM CÉLULAS DE CRÉDITO DIFERENTES.    VALOR UNITÁRIO: R$ 390.000,00                                                                              VALOR TOTAL R$ 780.000,00",1,0,160000
58/2020,Dispensa de Licitação,63446000467202092,795500,BASE DE FUZILEIROS NAVAIS DO RIO MERITI,Duque de Caxias/RJ,"MATERIAL COM APLICAÇÃO PELO GPTOPFUZNAV QUE ATUARÁ FRENTE A PANDEMIA DA COVID-19.                          OBS: SERÁ ADQUIRIDO DUAS (02) UNIDADES. OS VALORES ESTÃO EM DUAS (02) EM CÉLULAS DE CRÉDITO DIFERENTES.    VALOR UNITÁRIO: R$ 390.000,00                                                                              VALOR TOTAL R$ 780.000,00",1,0,160000
56/2020,Dispensa de Licitação,63446000467202092,795500,BASE DE FUZILEIROS NAVAIS DO RIO MERITI,Duque de Caxias/RJ,MATERIAL COM APLICAÇÃO PELO GPTOPFUZNAV QUE ATUARÁ FRENTE A PANDEMIA DA COVID-19.,1,0,160000
60/2020,Dispensa de Licitação,63446000467202092,795500,BASE DE FUZILEIROS NAVAIS DO RIO MERITI,Duque de Caxias/RJ,"MATERIAL COM APLICAÇÃO PELO GPTOPFUZNAV QUE ATUARÁ FRENTE A PANDEMIA DA COVID-19.                          ",1,0,160000
9/2020,Dispensa de Licitação,63401000950202093,788820,CENTRO DE INTENDENCIA DA MARINHA EM MANAUS,Manaus/AM,AQUISIÇÃO DE BARRACA MODULAR DE CAMPANHA.,1,0,157163.8
30/2020,Dispensa de Licitação,63154000814202062,791500,COMANDO DA FORCA DE SUBMARINOS,Rio de Janeiro/RJ,"BARRACAS MODULAR DE CAMPANHA. DIMENSÕES: 5.000MM DE LARGURA X 6.240MM DE COMPRIMENTO X 2.840 DE ALTURA MEDIDA DA CUMEEIRA AO PISO E 1.990MM MEDIDA NA LATERAL. ÁREA APROXIMADA: 31,20M2 COMFORME TJDL 03/2020 E SEUS ANEXOS. QUANTIDADE : 11 - VALOR UNITÁRIO R$ 14.000,00",1,0,154000
29/2020,Dispensa de Licitação,63154000814202062,791500,COMANDO DA FORCA DE SUBMARINOS,Rio de Janeiro/RJ,"BARRACA MODULAR DE CAMPANHA, CONFORME TJDL 03/2020 E SEUS ANEXOS",1,0,154000
7/2020,Dispensa de Licitação,63386000445202084,795180,BASE DE FUZILEIROS NAVAIS ILHA DO GOVERN./RJ,Rio de Janeiro/RJ,AQUISIÇÃO DE TESTES IMUNOCROMATOGRÁFICOS PARA DETECÇÃO RÁPIDA E QUALITATIVA DOS ANTICORPOS E IGG/IGM DA SARS-COE; E    AQUISIÇÃO DE EQUIPAMENTOS DE PROTEÇÃO INDIVIDUAL PARA COMBATE AO COVID-19.,16,0,149253.64
2033/2020,Dispensa de Licitação,63408001200202079,785810,CENTRO DE INTEND.DA MARINHA EM RIO GRANDE,Rio Grande/RS,"REPARO COM ATUALIZAÇÃO TÉCNICA E FORNECIMENTO DE MATERIAL DE REPOSIÇÃO, DAS VIATURAS MODELO CARGO 2623 6X4 (VIATURA DE TRANSPORTE ESPECIALIZADO CISTERNA DE ÁGUA), QUE SERÃO PRESTADOS NAS CONDIÇÕES ESTABELECIDAS NO PROJETO BÁSICO.",1,0,148600
16/2020,Dispensa de Licitação,TJDL 04/2020,731000,COMANDO DO MATERIAL DE FUZILEIROS NAVAIS,Rio de Janeiro/RJ,BARRACA MODULAR DE CAMPANHA COR VERDE OLIVA.,1,0,140000
10/2020,Dispensa de Licitação,2020-04-01,731000,COMANDO DO MATERIAL DE FUZILEIROS NAVAIS,Rio de Janeiro/RJ,MATERIAL DE EPI A SER USADO PELOS MILITARES NO COMBATE AO COVID-19,3,0,131390
53/2020,Dispensa de Licitação,63148008276202033,765720,HOSPITAL NAVAL MARCILIO DIAS - MM,Rio de Janeiro/RJ,AQUISIÇÃO DE 3348 TESTES PARA DOSAGEM D-DÍMERO (STA-LIASTEST D DI (DÍMERO D) PARA MONITORIZAÇÃO DE TERAPIA ANTICOAGULANTE EM PACIENTES INTERNADOS COM COVID-19.,1,0,120528
57/2020,Dispensa de Licitação,63148010574202093,765720,HOSPITAL NAVAL MARCILIO DIAS - MM,Rio de Janeiro/RJ,AQUISIÇÃO DE TESTES PARA DOSAGEM D-DÍMERO PARA MONITORIZAÇÃO DE TERAPIA ANTICOAGULANTE EM PACIENTES INTERNADOS COM COVID-19 (STA-LIATEST D-DI - DIMERO D).,1,0,120528
45/2020,Dispensa de Licitação,63079002161202004,771000,DIRETORIA DE ABASTECIMENTO DA MARINHA,Rio de Janeiro/RJ,"AQUISIÇÃO DE REAGENTE PARA DIAGNÓSTICO CLÍNICO 7, TIPO CONJUNTO COMPLETO, TIPO ANÁLISE QUALITATIVO ANTI-CORONAVÍRUS COVID-19 (IGG E IGM), APRESENTAÇÃO TESTE, MÉTODO IMUNOCROMATOGRAFIA E COM REGISTRO VIGENTE NA ANVISA, DE ACORDO COM A RESOLUÇÃO N° 348, DE 17 MARÇO DE 2020.",1,0,120000
9157/2020,Dispensa de Licitação,85121-0353/2020,785810,CENTRO DE INTEND.DA MARINHA EM RIO GRANDE,Rio Grande/RS,"CONTRATAÇÃO DE EMPRESA PARA A PRESTAÇÃO DE SERVIÇO DE REFORMA E ADEQUAÇÃO DO PRÉDIO 3 (ATUAL ÁREA DE CONSULTÓRIOS) EM ALA DE INTERNAÇÃO DA POLICLÍNICA NAVAL DE RIO GRANDE (PNRG), COM FORNECIMENTO DE MATERIAL, MÃO DE OBRA E TODOS OS SERVIÇOS COMPLEMENTARES, NECESSÁRIOS À DISPONIBILIZAÇÃO DE 11 LEITOS AOS USUÁRIOS DO SISTEMA DE SAÚDE DA MARINHA (SSM) PARA ENFRENTAMENTO DA EMERGÊNCIA DE SAÚDE PÚBLICA DE IMPORTÂNCIA INTERNACIONAL DECORRENTE DO CORONAVÍRUS (COVID-19).",1,0,116099.58
18/2020,Dispensa de Licitação,63071004912202012,765741,LABORATORIO FARMACEUTICO DA MARINHA/RJ,Rio de Janeiro/RJ,AQUISIÇÃO DA MATÉRIA-PRIMA ÁLCOOL ETÍLICO EXTRA NEUTRO PARA PRODUÇÃO DE ÁLCOOL EM GEL A 70º GL,1,0,112494.8
30/2020,Dispensa de Licitação,63446000466202048,795500,BASE DE FUZILEIROS NAVAIS DO RIO MERITI,Duque de Caxias/RJ,"MATERIAL PARA USO NA DESCONTAMINAÇÃO DE UNIFORMES, VIATURAS E EQUIPAMENTOS, VISANDO ATENDER AOS MILITARES EMPREGADOS NO GRUPAMENTO OPERATIVO DE FUZILEIROS NAVAIS NO COMBATE AO COVID-19. ",3,0,104688
15/2020,Dispensa de Licitação,TJDL 03/2020,731000,COMANDO DO MATERIAL DE FUZILEIROS NAVAIS,Rio de Janeiro/RJ,REFIL DE HIDRATAÇÃO INVICTUS ADVANCED,1,0,103500
9132/2020,Dispensa de Licitação,63408000693202020,785810,CENTRO DE INTEND.DA MARINHA EM RIO GRANDE,Rio Grande/RS,"PRESTAÇÃO DE SERVIÇO DE INSTALAÇÃO DE REDE CANALIZADA EXTERNA DE OXIGÊNIO E AR COMPRIMIDO NO NOVO PRÉDIO DO SERVIÇO DE PRONTO ATENDIMENTO (SPA) E NO PRÉDIO 3 (FUTURA ALA DE INTERNAÇÃO) DA POLICLÍNICA NAVAL DE RIO GRANDE (PNRG), COM FORNECIMENTO DE TODO MATERIAL NECESSÁRIO, CONFORME CONDIÇÕES E EXIGÊNCIAS ESTABELECIDAS NO PROJETO BÁSICO Nº 50-01/2020 DA PNRG.",1,0,102570
2022/2020,Dispensa de Licitação,63408000693202020,785810,CENTRO DE INTEND.DA MARINHA EM RIO GRANDE,Rio Grande/RS,"PRESTAÇÃO DE SERVIÇO DE INSTALAÇÃO DE REDE CANALIZADA EXTERNA DE OXIGÊNIO E AR COMPRIMIDO NO NOVO PRÉDIO DO SERVIÇO DE PRONTO ATENDIMENTO (SPA) E NO PRÉDIO 3 (FUTURA ALA DE INTERNAÇÃO) DA POLICLÍNICA NAVAL DE RIO GRANDE (PNRG), COM FORNECIMENTO DE TODO MATERIAL NECESSÁRIO, CONFORME CONDIÇÕES E EXIGÊNCIAS ESTABELECIDAS NO PROJETO BÁSICO Nº 50-01/2020 DA PNRG.",1,0,102570
27/2020,Dispensa de Licitação,63154000815202015,791500,COMANDO DA FORCA DE SUBMARINOS,Rio de Janeiro/RJ,EQUIPAMENTO DE PROTEÇÃO RESPIRATÓRIA/ MÁSCARA CONTRA GASES CONFORME TJDL 04/2020 E SEUS ANEXOS,1,0,99900
48/2020,Dispensa de Licitação,63148008188202031,765720,HOSPITAL NAVAL MARCILIO DIAS - MM,Rio de Janeiro/RJ,AQUISIÇÃO DE ROCURÔNIO BROMETO SOLUÇÃO INJETÁVEL 50MG (10MG/ML) FRASCO AMPOLA 5ML (5000 UNIDADES),1,0,95000
86/2020,Dispensa de Licitação,63013001022202010,765000,DIRETORIA DE SAUDE DA MARINHA,Rio de Janeiro/RJ,MATERIAL PARA ENFRENTAMENTO DO PANDEMIA DE COVID-19 -MACA HIDRAULICA LIFEGUARD 50 + COLCHÃO LGMAT 10,1,0,93980
13/2020,Dispensa de Licitação,59,765000,DIRETORIA DE SAUDE DA MARINHA,Rio de Janeiro/RJ,MACA HIDRAULICA LIFEGUARD 50 + COLCHÃO LGMAT 10,1,0,93980
21/2020,Dispensa de Licitação,63401001289202033,788820,CENTRO DE INTENDENCIA DA MARINHA EM MANAUS,Manaus/AM,AQUISIÇÃO DE BENS E/OU INSUMOS DE SAÚDE PARA ENFRENTAMENTO DA EMERGÊNCIA PELO CORONAVÍRUS.,2,0,90875
50/2020,Dispensa de Licitação,63148008330202041,765720,HOSPITAL NAVAL MARCILIO DIAS - MM,Rio de Janeiro/RJ,AQUISIÇÃO DE VIDEO LARINGOSCÓPIO MCGRATH E LÂMINAS XBLADE,2,0,90600
20/2020,Dispensa de Licitação,63148005418202019,765720,HOSPITAL NAVAL MARCILIO DIAS - MM,Rio de Janeiro/RJ,INSUMOS PARA PESQUISA CIENTÍFICA E DETECÇÃO DO COVID-19 ( ENSAIOS RUO-RESEARCH USE ONLY - POR PCR EM TEMPO REAL -QPCR - PARA DETECÇÃO DO 2019-NCOV: 1) 10 UNIDADES DE LIGHTMIX MODULAR WUHAN COV RDRP-GENE . APRESENTAÇÃO 96 TESTES; 2) 9 UNIDADES DE LIGHTMIX MODULAR SARS AND WUHAN COV E-GENE. APRESENTAÇÃO 96 TESTES; 3) 10 UNIDADES DE LIGHTCYCLER MULTIPLEX RNA VIRUS MASTER. APRESENTAÇÃO 200 TESTES; E 4)9 UNIDADES DE LIGHTMIX MODULAR EAV RNA EXTRACTION CONTROL. APRESENTAÇÃO 96 TESTES.,4,0,90239.3
3054/2020,Dispensa de Licitação,63408000689202061,785810,CENTRO DE INTEND.DA MARINHA EM RIO GRANDE,Rio Grande/RS,"CONTRATAÇÃO DE EMPRESA ESPECIALIZADA PARA PRESTAÇÃO DE SERVIÇOS DE MANUTENÇÃO CORRETIVA, E/OU FORNECIMENTO DE PEÇAS ORIGINAIS E GENUÍNAS DE REPOSIÇÃO, DE VIATURAS LEVES E PESADAS, EQUIPAMENTOS, REBOQUES E SEUS IMPLEMENTOS (VIATURA MARRUÁ, CISTERNA D’ÁGUA E REBOQUE TIPO SOCORRO), PARA ATENDER AS VIATURAS PERTENCENTES A ESTE GRUPAMENTO DE FUZILEIROS CONFORME CONDIÇÕES, QUANTIDADES E EXIGÊNCIAS ESTABELECIDAS NO PROJETO BÁSICO Nº 40-02-2020 DO GPTFNRG.",8,0,86669.91
67/2020,Dispensa de Licitação,63148014431202051,765720,HOSPITAL NAVAL MARCILIO DIAS - MM,Rio de Janeiro/RJ,AQUISIÇÃO DE INSUMOS: PONTEIRAS,4,0,77600
36/2020,Dispensa de Licitação,63148007554202035,765720,HOSPITAL NAVAL MARCILIO DIAS - MM,Rio de Janeiro/RJ,AQUISIÇÃO DE TRÊS DESFIBRILADORES/MONITOR/CARDIOVERSOR COM MARCAPASSO,1,0,75900
60/2020,Dispensa de Licitação,63148007651202015,765720,HOSPITAL NAVAL MARCILIO DIAS - MM,Rio de Janeiro/RJ,TESTE RÁPIDO COVID-19 (QUANTIDADE: 500 TESTES. APRESENTAÇÃO: CAIXA COM 25 UNIDADES DE TESTES).,1,0,74500
54/2020,Dispensa de Licitação,63148008277202088,765720,HOSPITAL NAVAL MARCILIO DIAS - MM,Rio de Janeiro/RJ,AQUISIÇÃO DE UM APARELHO USG PORTÁTIL GE LOGIQ V2,1,0,74000
9/2020,Dispensa de Licitação,63071001348202052,765741,LABORATORIO FARMACEUTICO DA MARINHA/RJ,Rio de Janeiro/RJ,AQUISIÇÃO DO EQUIPAMENTO ANALÍTICO GRANULADOR CÔNICO DE BANCADA PARA A SEÇÃO DE DESENVOLVIMENTO DO LABORATÓRIO FARMACÊUTICO DA MARINHA,1,0,72300
65/2020,Dispensa de Licitação,63446000464202059,795500,BASE DE FUZILEIROS NAVAIS DO RIO MERITI,Duque de Caxias/RJ,MATERIAL COM APLICAÇÃO PELO GPTOPFUZNAV QUE ATUARÁ FRENTE A PANDEMIA DA COVID-19.,1,0,71920
85/2020,Dispensa de Licitação,63013001162202098,765000,DIRETORIA DE SAUDE DA MARINHA,Rio de Janeiro/RJ,"MATERIAL UTILIZADO NO ENFRENTAMENTO DA PANDEMIA DA COVID-19 A SER UTILIZADO EM UNIDADE DE TERAPIA INTENSIVA E EMERGÊNCIA. - ASPIRADOR CIRÚRGICO  ",1,0,68000
21/2020,Dispensa de Licitação,65,765000,DIRETORIA DE SAUDE DA MARINHA,Rio de Janeiro/RJ,MATERIAL UTILIZADO NO ENFRENTAMENTO DA PANDEMIA DA COVID-19 A SER UTILIZADO EM UNIDADE DE TERAPIA INTENSIVA E EMERGÊNCIA.,1,0,68000
1/2020,Dispensa de Licitação,63060.001684/2020,787700,HOSPITAL NAVAL DE BRASILIA,Brasília/DF,PRESTAÇÃO DE SERVIÇOS DE 04 (QUATRO) FUNCIONÁRIOS PARA O SERVIÇO DE LIMPEZA HOSPITALAR.,1,0,64474.2
43/2020,Dispensa de Licitação,63446000464202059,795500,BASE DE FUZILEIROS NAVAIS DO RIO MERITI,Duque de Caxias/RJ,MATERIAL COM APLICAÇÃO PELO GPTOPFUZNAV QUE ATUARÁ FRENTE A PANDEMIA DA COVID-19.,7,0,62205.4
25/2020,Dispensa de Licitação,63.401.001.293.202.000,788820,CENTRO DE INTENDENCIA DA MARINHA EM MANAUS,Manaus/AM,"AQUISIÇÃO DE BENS/INSUMOS PARA A PNMA, EM VIRTUDE DO CORONAVIRUS (ATRELADO AO PROCESSO TJDL 788820-2020-023).",1,0,62000
23/2020,Dispensa de Licitação,"6,3401E+16",788820,CENTRO DE INTENDENCIA DA MARINHA EM MANAUS,Manaus/AM,AQUISIÇÃO DE BENS E/OU INSUMOS DE SAÚDE QUE SE DESTINAM AO ENFRENTAMENTO DO CORONAVÍRUS.,1,0,62000
22/2020,Dispensa de Licitação,63401001291202011,788820,CENTRO DE INTENDENCIA DA MARINHA EM MANAUS,Manaus/AM,AQUISIÇÃO DE EQUIPAMENTO ANALISADOR DE GASES SANGUÍNEOS EM MODELO POC COM ANÁLISE POR CARDS QUE SE DESTINAM AO ENFRENTAMENTO DA EMERGÊNCIA EM SAÚDE PÚBLICA DE IMPORTÂNCIA NACIONAL (ESPIN)EM DECORRÊNCIA DA INFECÇÃO HUMANA PELO NOVO CORONAVÍRUS.,1,0,61942.5
37/2020,Dispensa de Licitação,63148007572202017,765720,HOSPITAL NAVAL MARCILIO DIAS - MM,Rio de Janeiro/RJ,"AQUISIÇÃO DE 10 CASSETTES 34X43, COMPATÍVEIS COM SISTEMA DIGITALIZADOR DE IMAGEM DA MARCA CARESTREAM",1,0,60000
6/2020,Dispensa de Licitação,63071001286202089,765741,LABORATORIO FARMACEUTICO DA MARINHA/RJ,Rio de Janeiro/RJ,AQUISIÇÃO DE 11.000 LITROS DA MATÉRIA-PRIMA ÁLCOOL ETÍLICO 96°GL EXTRA NEUTRO (PREMIUM) PARA PRODUÇÃO DE ÁLCOOL EM GEL A 70° GL,1,0,59620
3/2020,Dispensa de Licitação,63071000861202026,765741,LABORATORIO FARMACEUTICO DA MARINHA/RJ,Rio de Janeiro/RJ,AQUISIÇÃO DE ÁLCOOL ETÍLICO 96º,1,0,57000
35/2020,Dispensa de Licitação,TJDL 13/2020,731000,COMANDO DO MATERIAL DE FUZILEIROS NAVAIS,Rio de Janeiro/RJ,"ATOMIZADOR ELÉTRICO AT-1000 DI ",2,0,56523
41/2020,Dispensa de Licitação,63054.004516/2020,789310,CAPITANIA DOS PORTOS DE SAO PAULO,São Paulo/SP,"MANUTENÇÃO, REPARO E CERTIFICAÇÃO DOS SISTEMAS DE FILTRAGEM DE VEDAÇÃO E ESTANQUEIDADE - MANUTENÇÃO E CERTIFICAÇÃO DOS SISTEMAS DE FILTRAGEM DE VEDAÇÃO E ESTANQUEIDADE: REPARO E CALIBRAÇÃO DE MANÔMETROS, CONFECÇÃO DE PROTOCOLOS, ENSAIOS, COMISSIONAMENTO E TREINAMENTO, REPARO NA PORTA DE ACESSO AO CTDIC COM SUBSTITUIÇÃO DAS BORRACHAS DE VEDAÇÃO, INSTALAÇÃO DE FECHADURA TETRA E REALINHAMENTO, SUBSTITUIÇÃO DE FILTROS E LUMINÁRIAS E ELABORAÇÃO DE CERTIFICAÇÃO.",1,0,54078
16/2020,Dispensa de Licitação,63071003767202029,765741,LABORATORIO FARMACEUTICO DA MARINHA/RJ,Rio de Janeiro/RJ,AQUISIÇÃO DE ÁLCOOL ETÍLICO EXTRA NEUTRO,1,0,52096
24/2020,Dispensa de Licitação,"6,3148E+16",765720,HOSPITAL NAVAL MARCILIO DIAS - MM,Rio de Janeiro/RJ,"AQUISIÇÃO DE COBRE CORPO, TAMANHO ADULTO",1,0,51500
56/2020,Dispensa de Licitação,63148010070202073,765720,HOSPITAL NAVAL MARCILIO DIAS - MM,Rio de Janeiro/RJ,"PROCESSADOR MAGNÉTICO DE PARTICULAS - MAXWELL 16 INSTRUMENT  ",1,0,50000
248/2020,Dispensa de Licitação,63512000402202014,791010,CENTRO DE INTENDENCIA DA MARINHA NITEROI,Niterói/RJ,"AQUISIÇÃO DE TESTES DE TRIAGEM INICIAL PARA DETECÇÃO DO ANTÍGENO DA COVID-19 NA UNIDADE MÉDICA DA ESQUADRA EM COMBATE AO COVID-19.  ",2,0,49996.8
31/2020,Dispensa de Licitação,63394000499202041,749000,DIRETORIA DE COMUNI E TEC. DA INF. DA MARINHA,Rio de Janeiro/RJ,"PRESTACAO DE SERVICOS DE DISCAGEM 0800 COMUTADO, NACIONAL, DE NUMERACAO 0800 078 0019, COM DIRECIONAMENTO DE CHAMADAS PARA O NUMERO (21) 2104-5444 EM FUNCIONAMENTO NA MARINHA DO BRASIL COM A FINALIDADE DE DIRIMIR DÚVIDAS A CERCA DAS MEDIDAS DE PROTEÇÃO PARA O ENFRENTAMENTO DA COVID-19 E OUTRAS TAREFAS RELACIONADAS AO ASSUNTO.",3,0,49955.04
54/2020,Dispensa de Licitação,63446000464202059,795500,BASE DE FUZILEIROS NAVAIS DO RIO MERITI,Duque de Caxias/RJ,MATERIAL COM APLICAÇÃO PELO GPTOPFUZNAV QUE ATUARÁ FRENTE A PANDEMIA DA COVID-19.,1,0,48600
9166/2020,Dispensa de Licitação,85121-0444/2020,785810,CENTRO DE INTEND.DA MARINHA EM RIO GRANDE,Rio Grande/RS,AQUISIÇÃO DE EQUIPAMENTO LABORATORIAL (GASÔMETRO HUMANO) PARA A PNRG NECESSÁRIO AO ENFRENTAMENTO DE EMERGÊNCIA DE SAÚDE PÚBLICA DECORRENTE DO COVID-19.,1,0,47439
43/2020,Dispensa de Licitação,63386001281202011,795180,BASE DE FUZILEIROS NAVAIS ILHA DO GOVERN./RJ,Rio de Janeiro/RJ,"AQUISIÇÃO DE MATERIAIS SANEANTES E INSUMOS PARA O COMBATE AO COVID-19 CONFORME CONDIÇÕES, QUANTIDADES E EXIGÊNCIAS ESTABELECIDAS NO TERMO DE REFERÊNCIA.",5,0,46210.8
31/2020,Dispensa de Licitação,89/2020,765000,DIRETORIA DE SAUDE DA MARINHA,Rio de Janeiro/RJ,"AQUISIÇÃO DE 10 CILINDROS DE AR-COMPRIMIDO, 10 CILINDROS DE OXIGÊNIO E 20 FLUXÔMETROS",3,0,45998
58/2020,Dispensa de Licitação,63067004461202059,782700,HOSPITAL NAVAL_DE SALVADOR,Salvador/BA,AQUISIÇÃO DE MEDICAMENTOS PARA USO DE PACIENTES COM COVID-19.,4,0,45075
8/2020,Dispensa de Licitação,63401000773202045,788820,CENTRO DE INTENDENCIA DA MARINHA EM MANAUS,Manaus/AM,AQUISIÇÃO DE BENS DE SAÚDE DESTINADOS AO ENFRENTAMENTO DA EMERGÊNCIA DE SAÚDE PÚBLICA DE IMPORTÂNCIA INTERNACIONAL DECORRENTE DO CORONAVÍRUS,1,0,45000
3/2020,Dispensa de Licitação,61165000952202097,712000,SECRETARIA DA COMISSAO INTERMINIST.P/REC.MAR,Brasília/DF,VENTILADOR DE TRANSPORTE E EMERGÊNCIA - APARELHO DE VENTILAÇÃO PULMONAR PARA REANIMAÇÃO.,1,0,44141
33/2020,Dispensa de Licitação,63607002429202039,782700,HOSPITAL NAVAL_DE SALVADOR,Salvador/BA,"REAGENTE PARA DIAGNÓSTICO CLÍNICO TIPO CARTUCHO DESCARTÁVEL, PORTÁTIL. COMPOSIÇÃO BÁSICA PH, PCO2 LACTATO, CO2 TOTAL HCO3 BASES SO2. ",1,0,44100
5001/2020,Dispensa de Licitação,5001,764200,SERVICO DE VETERANOS E PENSIONISTAS DA MARINH,Rio de Janeiro/RJ,"MÁSCARA CIRÚRGICA ",1,0,40000
11/2020,Dispensa de Licitação,57,765000,DIRETORIA DE SAUDE DA MARINHA,Rio de Janeiro/RJ,"OXÍMETRO PORTÁTIL DIGITAL; VISOR LCD COLORIDO EM ALTA RESOLUÇÃO; INDICAÇÃO DA SPO2, FREQUÊNCIA CARDÍACA, FORÇA DE PULSO COM ALARMES VISUAIS E SONOROS AJUSTÁVEIS E PROGRAMÁVEIS INDICAÇÃO DE CARGA DE BATERIA, MEDIÇÃO DE PULSO; FAIXA DE MEDIÇÃO DE ALIMENTAÇÃO POR BATERIA INTERNA RECARREGÁVEL COM AUTONOMIA DO SISTEMA 8HORAS; DEVE TER SENSOR INFANTIL E ADULTO; BOLSA TRANSPORTE.",1,0,35800
83/2020,Dispensa de Licitação,63013000962202091,765000,DIRETORIA DE SAUDE DA MARINHA,Rio de Janeiro/RJ,"OXÍMETRO PORTÁTIL DIGITAL; VISOR LCD COLORIDO EM ALTA RESOLUÇÃO; INDICAÇÃO DA SPO2, FREQUÊNCIA CARDÍACA, FORÇA DE PULSO COM ALARMES VISUAIS E SONOROS AJUSTÁVEIS E PROGRAMÁVEIS INDICAÇÃO DE CARGA DE BATERIA, MEDIÇÃO DE PULSO; FAIXA DE MEDIÇÃO DE ALIMENTAÇÃO POR BATERIA INTERNA RECARREGÁVEL COM AUTONOMIA DO SISTEMA 8HORAS; DEVE TER SENSOR INFANTIL E ADULTO; BOLSA TRANSPORTE. MATERIAL PARA ENFRENTAMENTO DO PANDEMIA DE COVID-19.",1,0,35800
44/2020,Dispensa de Licitação,63446000464202059,795500,BASE DE FUZILEIROS NAVAIS DO RIO MERITI,Duque de Caxias/RJ,MATERIAL COM APLICAÇÃO PELO GPTOPFUZNAV QUE ATUARÁ FRENTE A PANDEMIA DA COVID-19.,2,0,35230
15/2020,Dispensa de Licitação,63607001535202003,782700,HOSPITAL NAVAL_DE SALVADOR,Salvador/BA,"SERVIÇO DE INSTALAÇÃO DO SISTEMA DE EXAUSTÃO E REFRIGERAÇÃO NA ALA A (COVID-19) PARA ADAPTAÇÃO DOS LEITOS DE ENFERMARIA EM LEITOS DE UTI COM ISOLAMENTO RESPIRATÓRIO, CRIANDO UM FLUXO ÚNICO DE VENTILAÇÃO COM EXAUSTÃO E TRATAMENTO DO AR COM FILTRO HEPA.",1,0,34900
24/2020,Dispensa de Licitação,63079001006202062,771000,DIRETORIA DE ABASTECIMENTO DA MARINHA,Rio de Janeiro/RJ,"AQUISIÇÃO EMERGENCIAL DE 12(DOZE) NOBREAK 3200KVA A SER UTILIZADO NOS RESPIRADORES MECÂNICOS HOSPITALARES PARA AUXILIAR NO COMBATE A PANDEMIA DO NOVO CORONAVÍRUS, NO HOSPITAL NAVAL MARCÍLIO DIAS.",1,0,34200
2/2020,Dispensa de Licitação,00402.000080/2020,783602,ESCOLA APRENDIZES DE MARINHEIROS/PE,Olinda/PE,AQUISIÇÃO DE CESTAS BÁSICAS PARA POSTERIOR DISTRIBUIÇÃO PARA AS FAMÍLIAS DAS CRIANÇAS E ADOLESCENTES CREDENCIADOS NO PROGRAMA FORÇAS NO ESPORTE,1,0,33908.7
29/2020,Dispensa de Licitação,63067001886202014,782700,HOSPITAL NAVAL_DE SALVADOR,Salvador/BA,"SERVIÇO DE ADEQUAÇÃO E REESTRUTURAÇÃO DOS SISTEMAS DE EXAUSTÃO E REFRIGERAÇÃO, COM INSTALAÇÃO DE FILTRO ABSOLUTO HEPA E READEQUAÇÃO/REMANEJAMENTO DO CIRCUITO DE CLIMATIZAÇÃO INTERNA DE ENFERMARIA COVID-19.   ",1,0,33500
14/2020,Dispensa de Licitação,63067001534202051,782700,HOSPITAL NAVAL_DE SALVADOR,Salvador/BA,"AQUISIÇÃO DE DOIS SENSORES DE O2 (OXIGÊNIO), UMA VÁLVULA O2 DO MISTURADOR E DUAS VÁLVULAS PARA O AR DO MISTURADOR. AS PEÇAS SERÃO PARA FAZER O REPARO DE VENTILADORES DA MARCA DRAGER.",3,0,32907.61
63/2020,Dispensa de Licitação,63446000464202059,795500,BASE DE FUZILEIROS NAVAIS DO RIO MERITI,Duque de Caxias/RJ,MATERIAL COM APLICAÇÃO PELO GPTOPFUZNAV QUE ATUARÁ FRENTE A PANDEMIA DA COVID-19.,4,0,32320
51/2020,Dispensa de Licitação,6344600046420205,795500,BASE DE FUZILEIROS NAVAIS DO RIO MERITI,Duque de Caxias/RJ,MATERIAL COM APLICAÇÃO PELO GPTOPFUZNAV QUE ATUARÁ FRENTE A PANDEMIA DA COVID-19.,4,0,31870
8/2020,Dispensa de Licitação,63386000551202068,795180,BASE DE FUZILEIROS NAVAIS ILHA DO GOVERN./RJ,Rio de Janeiro/RJ,AQUISIÇÃO DE ÁLCOOL GEL 70 % EM GALÃO DE 5 LT E FRASCO DE 500 ML.,2,0,30292
53/2020,Dispensa de Licitação,63176000719202019,781332,DELEGACIA CAP.PORTOS EST RJ EM ITACURUCÁ,Mangaratiba/RJ,"MANUTENÇÃO CORRETIVA NOS FLUTUADORES DO BOTES TAMANHO P, SARGO E MERO, AMBOS CASCO SEMIRRÍGIDO, CONFORME ESTABELECIDO NO PROJETO BÁSICO E ORÇAMENTO.",1,0,30000
42/2020,Dispensa de Licitação,63386001273202066,795180,BASE DE FUZILEIROS NAVAIS ILHA DO GOVERN./RJ,Rio de Janeiro/RJ,"O OBJETO DO PRESENTE TERMO DE CONTRATO É A AQUISIÇÃO DE UMA UNIDADE DE VENTILADOR ARTIFICIAL ELETRÔNICO E OXÍMETRO TIPO PULSO, FAIXA MEDIÇÃO SATURAÇÃO 10 A 100% PARA DAR SUPORTE E APOIO DE DEFESA BIOLÓGICA PARA O COMBATE AO COVID-19.",2,0,29777.5
20/2020,Dispensa de Licitação,63401001275202010,788820,CENTRO DE INTENDENCIA DA MARINHA EM MANAUS,Manaus/AM,AQUISIÇÃO DE BENS E/OU INSUMOS QUE SE DESTINAM AO ENFRENTAMENTO DA EMERGÊNCIA EM SAÚDE PÚBLICA DE IMPORTÂNCIA NACIONAL (ESPIN) EM DECORRÊNCIA DA INFECÇÃO HUMANA PELO NOVO CORONAVÍRUS.,1,0,28500
38/2020,Dispensa de Licitação,63274001086202040,789101,COMANDO DO GRUP DE PAT NAVAL DO SUL SUDESTE,Santos/SP,"DESPESA COM AQUISIÇÃO DE TELEFONES SATELITAIS PARA OS NAVIOS SUBORDINADOS A ESTE COMANDO, COM VISTAS AO GERENCIAMENTO DAS AÇÕES ESTRATÉGICAS DO COMBATE AO COVID-19.",1,0,27462.6
33/2020,Dispensa de Licitação,63446000464202059,795500,BASE DE FUZILEIROS NAVAIS DO RIO MERITI,Duque de Caxias/RJ,MATERIAL DESTINADO AO COMBATE DA COVID-19,3,0,27250
15/2020,Dispensa de Licitação,63401000952202082,788820,CENTRO DE INTENDENCIA DA MARINHA EM MANAUS,Manaus/AM,AQUISIÇÃO DE MATERIAL DE LIMPEZA E DESCONTAMINAÇÃO.,10,0,26999.57
14/2020,Dispensa de Licitação,765741-014/2020,765741,LABORATORIO FARMACEUTICO DA MARINHA/RJ,Rio de Janeiro/RJ,AQUISIÇÃO DE KIT ESPECÍFICO PARA DIAGNÓSTICO DA COVID 19,1,0,26700
199/2020,Dispensa de Licitação,91901-0056,791010,CENTRO DE INTENDENCIA DA MARINHA NITEROI,Niterói/RJ,AQUISIÇÃO DE MATERIAIS DE PROTEÇÃO PARA A MANUTENÇÃO DOS ESTÁGIOS DE QUALIFICAÇÃO DE COMBATE À COVID-19,5,0,26385
41/2020,Dispensa de Licitação,63386001263202021,795180,BASE DE FUZILEIROS NAVAIS ILHA DO GOVERN./RJ,Rio de Janeiro/RJ,O OBJETO DO PRESENTE TERMO DE CONTRATO É A AQUISIÇÃO DE TESTES IMUNOCROMATOGRÁFICOS PARA DETECÇÃO RÁPIDA E QUALITATIVA DOS ANTICORPOS IGG/IGM DA SARS-COV-2 E AQUISIÇÃO DE INSUMOS PARA SUPORTE E APOIO DE DEFESA BIOLÓGICA PARA O COMBATE AO COVID-19.,6,0,24686.559999999998
28/2020,Dispensa de Licitação,63067001881202083,782700,HOSPITAL NAVAL_DE SALVADOR,Salvador/BA,"AQUISIÇÃO DE EQUIPAMENTOS HOSPITALARES QUE SERÃO UTILIZADOS NOS LEITOS DE ENFERMARIA COVID-19 E NA ENFERMARIA ALA B. ",9,0,24600
9156/2020,Dispensa de Licitação,85121-0347/2020,785810,CENTRO DE INTEND.DA MARINHA EM RIO GRANDE,Rio Grande/RS,"AQUISIÇÃO DE MEDICAMENTOS PARA A PNRG, NECESSÁRIO AO ENFRENTAMENTO DE EMERGÊNCIA DE SAÚDE PÚBLICA DECORRENTE DO CORONAVÍRUS",18,0,24500.399999999998
28/2020,Dispensa de Licitação,63148006178202061,765720,HOSPITAL NAVAL MARCILIO DIAS - MM,Rio de Janeiro/RJ,INSUMOS PARA PESQUISA CIENTÍFICAS E DETECÇÃO DO COVID-19: 1) KIT CONTENDO 4 ENSAIOS PARA PCR EM TEMPO REAL CONTENDO PRIMERS E SONDAS DE HIDRÓLISE PUBLICADOS PELO CDC E PRODUZIDOS COM QUA1IDADE ISO 13485 DA IDT; E) HS RPP30 POSITIVE CONTROL KIT; E 3) 2019 NCOV N POSITIVE CONTROL KIT.,3,0,24224
32/2020,Dispensa de Licitação,63607002419202001,782700,HOSPITAL NAVAL_DE SALVADOR,Salvador/BA,AQUISIÇÃO DE REAGENTE PARA DOSAGEM DE DÍMERO D,1,0,24180
31/2020,Dispensa de Licitação,63446000464202059,795500,BASE DE FUZILEIROS NAVAIS DO RIO MERITI,Duque de Caxias/RJ,MATERIAL DESTINADO AO COMBATE DA COVID-19,7,0,23700
1/2020,Dispensa de Licitação,62455001176202040,789000,COMANDO 8 DISTRITO NAVAL - SP,São Paulo/SP,AQUISIÇÃO DE 3 BOMBAS DE INFUSÃO ICATU 3ED (CLASSE II)  50 EQUIPO AMISET EA 0421 0000 ESTERILIZADO  50 EQUIPO AMISET EA 0422 0000 ESTERILIZADO,3,0,23530
23/2020,Dispensa de Licitação,63607001788202079,782700,HOSPITAL NAVAL_DE SALVADOR,Salvador/BA,AQUISIÇÃO DE MATERIAIS QUE SERÃO USADOS NAS UTI E NAS ENFERMARIAS COM PACIENTES DE COVID-19.,9,0,23528
181/2020,Dispensa de Licitação,63154002027202055,791500,COMANDO DA FORCA DE SUBMARINOS,Rio de Janeiro/RJ,PROTETOR SANITÁRIO E DESINFETANTE LYSOFORM AEROSOL 360ML,2,0,23472
188/2020,Dispensa de Licitação,63154002045202037,791500,COMANDO DA FORCA DE SUBMARINOS,Rio de Janeiro/RJ,PANO PARA LIMPEZA,1,0,23130
16/2020,Dispensa de Licitação,63070000784202014,765703,ODONTOCLINICA CENTRAL,Rio de Janeiro/RJ,"TRATAMENTO E PINTURA DO MIRANTE DA OCM.     ",1,0,23000
46/2020,Dispensa de Licitação,63148008374202071,765720,HOSPITAL NAVAL MARCILIO DIAS - MM,Rio de Janeiro/RJ,AQUISIÇÃO DE GÊNEROS ALIMENTÍCIOS (OVO 2400 DÚZIAS E 4500 IOGURTES DIET),2,0,22023
147/2020,Dispensa de Licitação,62194001842202068,795500,BASE DE FUZILEIROS NAVAIS DO RIO MERITI,Duque de Caxias/RJ,IMPRESSORA HP DESIGNJET Z6 OS 44 - MATERIAL SERÁ UTILIZADO NA SEÇÃO DE IMAGENS DA INTELIGÊNCIA OPERACIONAL EM APOIO ENFRENT. DA EMERG. DE SAUDE PUBLICA DE IMPORTANCIA INTERNACIONAL DECORRENTE DO CORONAVIRUS (COVID-19).,1,0,20490
50/2020,Dispensa de Licitação,63446000464202059,795500,BASE DE FUZILEIROS NAVAIS DO RIO MERITI,Duque de Caxias/RJ,MATERIAL COM APLICAÇÃO PELO GPTOPFUZNAV QUE ATUARÁ FRENTE A PANDEMIA DA COVID-19.,5,0,20008.4
41/2020,Dispensa de Licitação,63607002489202051,782700,HOSPITAL NAVAL_DE SALVADOR,Salvador/BA,AQUISIÇÃO DE IVERMECTINA 6 MG E AZITROMICINA 500 MG.,2,0,20000
174/2020,Dispensa de Licitação,63154001990202011,791500,COMANDO DA FORCA DE SUBMARINOS,Rio de Janeiro/RJ,AGULHA DE COMPRESSÃO TORÁXICA E TORNIQUETE DE KIT DE TRAUMA 3 EM 1 COM TESOURA DE TRAUMATISMO E SUPORTE DE BOLSA.,2,0,19300
24/2020,Dispensa de Licitação,63026002757202011,781330,CAPITANIA DOS PORTOS_DO EST DO RIO DE JANEIRO,Rio de Janeiro/RJ,AQUISIÇÃO DE MATERIAL DE NAVEGAÇÃO PARA MONITORAMENTO DA COVID-19 PARA CPRJ.,2,0,18356
38/2020,Dispensa de Licitação,63026002395202069,781330,CAPITANIA DOS PORTOS_DO EST DO RIO DE JANEIRO,Rio de Janeiro/RJ,"A PRESENTE DISPENSA VISA CORRIGIR A DISPENSA Nº 13-2020 EM FUNÇÃO DE ALTERAÇÃO DO AMPARO DO EMPENHO.   AQUISIÇÃO DE RÁDIOS DE BANCADA PARA EQUIPAR O CENTRO DE COORDENAÇÃO E CONTROLE DA AUTORIDADE MARÍTIMA (CCCAM) DESTA CAPITANIA E DA AGÊNCIA DA CP EM PARATY   OPERACIONALIZANDO O MONITORAMENTO DOS NAVIOS COM SUSPEITAS E CASOS DE COVID-19 AUXILIANDO NAS AÇÕES DE ENFRENTAMENTO DA PANDEMIA EM OPERAÇÕES CONJUNTAS  COM OUTROS ÓRGÃOS EXTRA-MARINHA.    ",1,0,17590
9175/2020,Dispensa de Licitação,85121-0446/2020,785810,CENTRO DE INTEND.DA MARINHA EM RIO GRANDE,Rio Grande/RS,"AQUISIÇÃO DE DIETA ENTERAL PARA O SERVIÇO DE PRONTO ATENDIMENTO (SPA) DA PNRG, VISANDO ENFRENTAMENTO AO COVID-19.",4,0,17365
2/2020,Dispensa de Licitação,63033000827202016,783800,BASE NAVAL DE NATAL - RN,Natal/RN,"AQUISIÇÃO DE EQUIPAMENTO DE VIDEOCONFERÊNCIA, ÁUDIO E VÍDEO PARA A BASE NAVAL DE NATAL.",1,0,17300
8/2020,Dispensa de Licitação,63067001473202021,782700,HOSPITAL NAVAL_DE SALVADOR,Salvador/BA,AQUISIÇÃO DE 06 (SEIS) OXÍMETROS PORTÁTEIS.,1,0,16800
14/2020,Dispensa de Licitação,63401000953202027,788820,CENTRO DE INTENDENCIA DA MARINHA EM MANAUS,Manaus/AM,"AQUISIÇÃO DE MATERIAIS PARA EQUIPE DE DEFESA NUCLEAR, BIOLÓGICA, QUÍMICA E RADIOLÓGICA (NBQR). ",5,0,16338.5
3061/2020,Dispensa de Licitação,053/2020,785810,CENTRO DE INTEND.DA MARINHA EM RIO GRANDE,Rio Grande/RS,"AQUISIÇÃO DE MATERIAL P/ O GRUPAMENTO DE FUZILEIROS NAVAIS DO RIO GRANDE DEVIDO AO APOIO A OUTROS ENTES E AGÊNCIAS, SEJAM ELAS FEDERAIS, ESTADUAIS OU MUNICIPAIS, NO CONTROLE DO CORONAVÍRUS ATRAVÉS DE DIVERSAS AÇÕES COMO: DESINFECÇÃO DE ÁREAS PÚBLICAS DE GRANDE CIRCULAÇÃO, APOIO DE TRANSPORTE E MOBILIDADE A ITENS CRÍTICOS DE SAÚDE, AÇÕES DE AJUDA HUMANITÁRIA E OUTRAS PARA ENFRENTAMENTO DA EMERGÊNCIA DE SAÚDE PÚBLICA DECORRENTE DO RECENTE SURTO DO NOVO CORONAVÍRUS COVID-19.",1,0,16241.76
289/2020,Dispensa de Licitação,62194002553202086,795500,BASE DE FUZILEIROS NAVAIS DO RIO MERITI,Duque de Caxias/RJ,"SEGURO DE ÔNIBUS UTILIZADO PARA TRANSPORTE DOS MILITARES DO GRUPAMENTO DE FUZILEIROS NAVAIS, NO COMBATE A COVID-19.",1,0,15776.07
87/2020,Dispensa de Licitação,63013000920202051,765000,DIRETORIA DE SAUDE DA MARINHA,Rio de Janeiro/RJ,MATERIAL PARA ENFRENTAMENTO DO PANDEMIA DE COVID-19 -MEDIDOR DE CUFF (CUFOMETRO),1,0,15520
14/2020,Dispensa de Licitação,60,765000,DIRETORIA DE SAUDE DA MARINHA,Rio de Janeiro/RJ,MEDIDOR DE CUFF (CUFOMENTRO).,1,0,15520
32/2020,Dispensa de Licitação,63446000464202059,795500,BASE DE FUZILEIROS NAVAIS DO RIO MERITI,Duque de Caxias/RJ,MATERIAL DESTINADO AO COMBATE DA COVID-19,2,0,15140
24/2020,Dispensa de Licitação,63401001322202025,788820,CENTRO DE INTENDENCIA DA MARINHA EM MANAUS,Manaus/AM,AQUISIÇÃO DE AVENTAL CIRÚRGICO ESTÉRIL PARA ENFRENTAMENTO DO COVID-19.,1,0,15000
18/2020,Dispensa de Licitação,63401000993202079,788820,CENTRO DE INTENDENCIA DA MARINHA EM MANAUS,Manaus/AM,MANUTENÇÃO DAS AMBULÂNCIAS DA PNMA.,3,0,15000
17/2020,Dispensa de Licitação,63401000994202013,788820,CENTRO DE INTENDENCIA DA MARINHA EM MANAUS,Manaus/AM,SERVIÇO DE MANUTENÇÃO PREVENTIVA E CORRETIVA PARA AS VIATURAS DA PNMA.,4,0,15000
26/2020,Dispensa de Licitação,63401001445202066,788820,CENTRO DE INTENDENCIA DA MARINHA EM MANAUS,Manaus/AM,AQUISIÇÃO DE BENS E/OU INSUMOS DE SAÚDE PARA ENFRENTAR O COVID-19.,3,0,14894
50/2020,Dispensa de Licitação,63067002714202050,782700,HOSPITAL NAVAL_DE SALVADOR,Salvador/BA,"SUBSTITUIÇÃO DE QUADROS ELÉTRICOS, TESTES E IDENTIFICAÇÃO DE CABOS QDSN, QGNS E QDES  DA ALA B DO HNSA.",1,0,14579
3/2020,Dispensa de Licitação,63133000800202047,783602,ESCOLA APRENDIZES DE MARINHEIROS/PE,Olinda/PE,AQUISIÇÃO DE CESTAS BÁSICAS PARA POSTERIOR DISTRIBUIÇÃO PARA A FAMÍLIA NAVAL.,1,0,14474.46
13/2020,Dispensa de Licitação,63607001533202014,782700,HOSPITAL NAVAL_DE SALVADOR,Salvador/BA,SERVIÇO DE INSTALAÇÃO DE SECADORA DE AR COMPRIMIDO NO CENTRO CIRÚRGICO E MANUTENÇÃO PREVENTIVA DO COMPRESSOR DE AR E NA LINHA DE AR COMPRIMIDO DA ALA A E CENTRO CIRÚRGICO.,1,0,14435
34/2020,Dispensa de Licitação,TJDL 12/2020,731000,COMANDO DO MATERIAL DE FUZILEIROS NAVAIS,Rio de Janeiro/RJ,ATOMIZADOR ELÉTRICOS HURRICANE ES 120V 62150-3,1,0,14300
45/2020,Dispensa de Licitação,63067002618202010,782700,HOSPITAL NAVAL_DE SALVADOR,Salvador/BA,"AQUISIÇÃO DE RECEPTOR HDMI VIA IPMHIR, PLUG RJ45 8X8 CAT 5 100PC, CABO REDE UTP CAT. SE CMX AZ CX30, CABO HDMI HIGH SPEED 0,6M AVIS E TRANSMISSOR HDMI VIA IP MHIR.",5,0,13825.56
45/2020,Dispensa de Licitação,63446000464202059,795500,BASE DE FUZILEIROS NAVAIS DO RIO MERITI,Duque de Caxias/RJ,MATERIAL COM APLICAÇÃO PELO GPTOPFUZNAV QUE ATUARÁ FRENTE A PANDEMIA DA COVID-19.,2,0,13300
42/2020,Dispensa de Licitação,63067002492202075,782700,HOSPITAL NAVAL_DE SALVADOR,Salvador/BA,"AQUISIÇÃO DE VÁLVULAS REGULADORAS, TOMADAS DE AR COMPRIMIDO E FLUXÔMETROS DE OXIGÊNCIO.",7,0,13294
49/2020,Dispensa de Licitação,63067002635202049,782700,HOSPITAL NAVAL_DE SALVADOR,Salvador/BA,AQUISIÇÃO DE MATERIAL DE PROCESSAMENTO DE DADOS PARA READEQUAÇÃO DO AMBULATÓRIO DO HNSA.,3,0,12800
10001/2020,Dispensa de Licitação,TJDL 782200-01,782200,GRUPAMENTO DE FUZILEIROS NAVAIS DE SALVADOR,Salvador/BA,"ÁLCOOL ETÍLICO 70 % - BOLSA 800,00 ML. AQUISIÇÃO DE 907 UNIDADES PARA O GPTFNSA, CONTRIBUINDO PARA ATUAÇÃO DA MB NO ÂMBITO DA OPERAÇÃO COVID-19, POR MEIO DE APOIO OPERACIONAL E LOGÍSTICO, COM A FINALIDADE DE FAZER FRENTE À AMEAÇA EPIDEMIOLÓGICA REPRESENTADA PELO NOVO CORONAVÍRUS, EM APOIO AS AÇÕES DELIBERADAS PELO GOVERNO FEDERAL VOLTADAS PARA MITIGAÇÃO DE SEUS IMPACTOS.",1,0,12725.21
3052/2020,Dispensa de Licitação,032/2020,785810,CENTRO DE INTEND.DA MARINHA EM RIO GRANDE,Rio Grande/RS,"MANUTENÇÃO DE VIATURA EM APOIO, NO CONTROLE DO CORONAVÍRUS ATRAVÉS DE DIVERSAS AÇÕES COMO: DESINFECÇÃO DE ÁREAS PÚBLICAS DE GRANDE CIRCULAÇÃO, APOIO DE TRANSPORTE E MOBILIDADE A ITENS CRÍTICOS DE SAÚDE, AÇÕES DE AJUDA HUMANITÁRIA E OUTRAS PARA ENFRENTAMENTO DA EMERGÊNCIA DE SAÚDE PÚBLICA DECORRENTE DO RECENTE SURTO DO NOVO CORONAVÍRUS COVID-19) DE ACORDO COM A LEI Nº 13.979, DE 06 DE FEVEREIRO DE 2020, ALTERADO PELA MEDIDA PROVISÓRIA N° 926, DE 2020.",14,0,12645.12
23/2020,Dispensa de Licitação,63176000378202073,781332,DELEGACIA CAP.PORTOS EST RJ EM ITACURUCÁ,Mangaratiba/RJ,"APARELHO PARA A SALA DE CENTRO DE CONTROLE E CRISE:  DRONE DJI MAVIC 2 ZOOM FLY MORE KIT  ESPECIFICAÇÕES TÉCNICAS DA AERONAVE:    PESO DE DECOLAGEM: 905G   DIMENSÕES DOBRADO: 214 × 91 × 84MM / DESDOBRADO: 322 × 242 × 84MM   DISTÂNCIA DIAGONAL: 354MM  VELOCIDADE MÁXIMA DE SUBIDA: 5M/S NO MODO S E 4M/S NO MODO P  VELOCIDADE MÁXIMA DE DESCIDA: 3M/S NO MODO S E NO MODO P  VELOCIDADE MÁXIMA (A NÍVELDO MAR E SEM VENTO): 72 KM/H NO MODO S  ",1,0,12395.11
48/2020,Dispensa de Licitação,63067002636202093,782700,HOSPITAL NAVAL_DE SALVADOR,Salvador/BA,"AQUISIÇÃO DE MATERIAL DE PROCESSAMENTO DE DADOS PARA READEQUAÇÃO DO AMBULATÓRIO DO HNSA, PARA COMBATE AO  COVID19.",4,0,12275
19/2020,Dispensa de Licitação,63067001753202030,782700,HOSPITAL NAVAL_DE SALVADOR,Salvador/BA,"AQUISIÇÃO DE REAGENTES PARA DOSAGEM DE DIMERO ""D"" PARA EXECUÇÃO EM APARELHO AUTOMÁTICO - KIT 186 TESTES, PARA ENFRENTAMENTO DA EMERGÊNCIA PÚBLICA DECORRENTE DO CORONAVÍRUS.",1,0,12090
274/2020,Dispensa de Licitação,63446001356202001,795500,BASE DE FUZILEIROS NAVAIS DO RIO MERITI,Duque de Caxias/RJ,INSTALAÇÃO DE STORAGE DA SALA DOS SERVIDORES O CLTI PARA SEREM UTILIZADOS EM PROL AO COMBATE DO COVID-19.,1,0,12083.97
9150/2020,Dispensa de Licitação,85121-0345/2020,785810,CENTRO DE INTEND.DA MARINHA EM RIO GRANDE,Rio Grande/RS,AQUISIÇÃO DE REAGENTE PARA PESQUISA DE ANTICORPOS IGM E IGG PARA COVID-19.,1,0,12000
2/2020,Dispensa de Licitação,62455001289202045,789000,COMANDO 8 DISTRITO NAVAL - SP,São Paulo/SP,"AQUISIÇÃO DE MATERIAL ""NBQR"" PARA LIMPEZA DE LOCAIS PÚBLICOS E ENFRENTAMENTO AO CORONAVÍRUS.",5,0,11984.019999999999
25/2020,Dispensa de Licitação,63067001870202001,782700,HOSPITAL NAVAL_DE SALVADOR,Salvador/BA,"AQUISIÇÃO DE CAMA FOWLER COM ELEVAÇÃO DE LEITO, CAPACIDADE MÁXIMA 150KG PARA ATENDIMENTO DE PACIENTES DE COVID-19.",1,0,11960
2/2020,Dispensa de Licitação,6306700124520205,782700,HOSPITAL NAVAL_DE SALVADOR,Salvador/BA,"AQUISIÇÃO DE MÁSCARAS DE PROTEÇÃO N95. ",1,0,11840
19/2020,Dispensa de Licitação,63401001165202058,788820,CENTRO DE INTENDENCIA DA MARINHA EM MANAUS,Manaus/AM,"AQUISIÇÃO DE MATERIAIS DE LIMPEZA, DESTINADOS AO ENFRENTAMENTO DA EMERGÊNCIA DE SAÚDE PÚBLICA DE IMPORTÂNCIA INTERNACIONAL DECORRENTE DO CORONAVÍRUS.",12,0,11310.6
35/2020,Dispensa de Licitação,63446000464202059,795500,BASE DE FUZILEIROS NAVAIS DO RIO MERITI,Duque de Caxias/RJ,MATERIAL DESTINADO AO COMBATE DA COVID-19,1,0,11160
175/2020,Dispensa de Licitação,63154001991202066,791500,COMANDO DA FORCA DE SUBMARINOS,Rio de Janeiro/RJ,GERADOR DE ENERGIA E PAINEL DE TRANSFERÊNCIA.,2,0,11159.419999999998
83/2020,Dispensa de Licitação,63446000464202059,795500,BASE DE FUZILEIROS NAVAIS DO RIO MERITI,Duque de Caxias/RJ,MATERIAL COM APLICAÇÃO PELO GPTOPFUZNAV QUE ATUARA FRENTE A PANDEMIA DA CONVID-19,1,0,11082
16/2020,Dispensa de Licitação,63401000954202071,788820,CENTRO DE INTENDENCIA DA MARINHA EM MANAUS,Manaus/AM,AQUISIÇÃO DE BARRACA TIPO IGLU CANADENSE.,1,0,10875
34/2020,Dispensa de Licitação,63359000304202099,781330,CAPITANIA DOS PORTOS_DO EST DO RIO DE JANEIRO,Rio de Janeiro/RJ,"AQUISIÇÃO DE MOBILIÁRIO SENDO NECESSÁRIO PARA AGÊNCIA DA CAPITANIA DOS PORTOS EM PARATY NA OPERACIONALIZAÇÃO DO CENTRO DE COORDENAÇÃO E CONTROLE DA AUTORIDADE MARÍTIMA (CCCAM), DURANTE AS AÇÕES DE ENFRENTAMENTO DA PANDEMIA DO COVID-19 ADEQUANDO O SETOR ÀS ATIVIDADES DESENVOLVIDAS DURANTE AS OPERAÇÕES CONJUNTAS ENTRE ÓRGÃOS EXTRA-MARINHA: CORPO DE BOMBEIROS MILITAR, OS ÓRGÃOS AMBIENTAIS (INEA ICMBIO) E ANVISA.",7,0,10408.58
22/2020,Dispensa de Licitação,63176000398202044,781332,DELEGACIA CAP.PORTOS EST RJ EM ITACURUCÁ,Mangaratiba/RJ,"AQUISIÇÃO DE MATERIAL A SER EMPREGADO NAS INSTALAÇÕES CO CENTRO DE CONTROLE DE CRISE, UTILIZADO NO ENFRENTAMENTO DO COVID-19. REFERIDA AQUISIÇÃO, VISA CUMPRIR O DISPOSTO NA AÇÃO ORÇAMENTÁRIA 21C0-ENFRENTAMENTO DA EMERGÊNCIA DE SAÚDE PÚBLICA DE IMPORTÂNCIA INTERNACIONAL DECORRENTE DO CORONAVÍRUS.  ",7,0,10362.93
46/2020,Dispensa de Licitação,63067002625202011,782700,HOSPITAL NAVAL_DE SALVADOR,Salvador/BA,"AQUISIÇÃO DE LENÇOL 180 FIOS MISTO 50% ALGODÃO, 50% POLIÉSTER.",1,0,10303.2
131/2020,Dispensa de Licitação,63154001694202011,791500,COMANDO DA FORCA DE SUBMARINOS,Rio de Janeiro/RJ,"GERADOR DE ENERGIA CABINADO NA POTÊNCIA DE 7,5KVA COMPOSTO POR PARTIDA ELÉTRICA MANUAL NA TENSÃO 220/127V TRIFÁSICO.",1,0,10200
47/2020,Dispensa de Licitação,63067002630202016,782700,HOSPITAL NAVAL_DE SALVADOR,Salvador/BA,AQUISIÇÃO DE PIJAMAS HOSPITALARES.,3,0,9675
56/2020,Dispensa de Licitação,63176000744202094,781332,DELEGACIA CAP.PORTOS EST RJ EM ITACURUCÁ,Mangaratiba/RJ,"AQUISIÇÃO DE MATERIAL DE LIMPEZA A SER UTILIZADO NA DESCONTAMINAÇÃO DE MATERIAIS E INSTALAÇÕES. REFERIDA AQUISIÇÃO, VISA CUMPRIR O DISPOSTO NA AÇÃO ORÇAMENTÁRIA 21C0- ENFRENTAMENTO DA EMERGÊNCIA DE SAÚDE PÚBLICA DE IMPORTÂNCIA INTERNACIONAL DECORRENTE DO CORONAVÍRUS.",17,0,9617
4/2020,Dispensa de Licitação,63067001356202068,782700,HOSPITAL NAVAL_DE SALVADOR,Salvador/BA,SERVIÇO DE LOCAÇÃO DE GERADOR DE ENERGIA 360 KVA-SILENCIADO PELO PERÍODO DE 01 MÊS.,1,0,9608
186/2020,Dispensa de Licitação,63154002042202001,791500,COMANDO DA FORCA DE SUBMARINOS,Rio de Janeiro/RJ,DESINFETANTE LYSOFORM SPRAY 500ML,1,0,9570
40/2020,Dispensa de Licitação,63607002488202015,782700,HOSPITAL NAVAL_DE SALVADOR,Salvador/BA,"SERVIÇO DE INSTALAÇÃO DE TOLDOS PARA MELHORIA NO ATENDIMENTO AOS PACIENTES COM COVID-19.   ",3,0,9497
21/2020,Dispensa de Licitação,63067001774202055,782700,HOSPITAL NAVAL_DE SALVADOR,Salvador/BA,"AQUISIÇÃO DE CIRCUITOS COMPATÍVEIS PARA RESPIRADOR INTERMED MODELO INTER-5 BIRD 6400, PARA AÇÕES DE ENFRENTAMENTO DA EMERGÊNCIA DE SAÚDE PÚBLICA DECORRENTE DO CORONAVÍRUS.",2,0,9324
135/2020,Dispensa de Licitação,788340-0167/2020,788340,CAPITANIA FLUVIAL DE PORTO VELHO,Porto Velho/RO,"SERVIÇO DE MANUTENÇÃO ELÉTRICA NO PAINEL DE CONTROLE DO GERADOR DA AGEFLUT MUTIRUM II. ",1,0,9117.9
40/2020,Dispensa de Licitação,63054.001669/2020,789310,CAPITANIA DOS PORTOS DE SAO PAULO,São Paulo/SP,"REFORMA ESTRUTURAL DO CTDIC - REMOÇÃO DE FERRUGEM, DECAPAGEM, TRATAMENTO ANTICORROSIVO DAS BANDEJAS, TRAVESSAS E CHAPAS DO PISO INFERIOR EXTERNO, SUBSTITUIÇÃO DO TRINCO E REPARO NA PORTA INTERNA, REPARO DAS PORTAS DE VENTILAÇÃO, PINTURA EXTERNA DO CTDIC, RETIRADA E DEVOLUÇÃO DO CTDIC",1,0,9050
31/2020,Dispensa de Licitação,63067002272202041,782700,HOSPITAL NAVAL_DE SALVADOR,Salvador/BA,AQUISIÇÃO DE MEDICAMENTOS PARA ENFRENTAMENTO AO COVID-19.  MIDAZOLAN 5MG/10ML  E DEXTROCETAMINA 50MG/10ML,2,0,8964
30/2020,Dispensa de Licitação,63067002272202041,782700,HOSPITAL NAVAL_DE SALVADOR,Salvador/BA,AQUISIÇÃO DE MEDICAMENTO PARA ENFRENTAMENTO AO COVID-19.  MIDAZOLAN CLORIDRATO 5MG 10ML/SER AMP  DEXTROCETAMINA 50MG/10ML INJ.,2,0,8964
12/2020,Dispensa de Licitação,63401000775202034,788820,CENTRO DE INTENDENCIA DA MARINHA EM MANAUS,Manaus/AM,"CONTRATAÇÃO DE SERVIÇO DE MANUTENÇÃO CORRETIVA DA REDE DE GASES MEDICINAIS (OXIGÊNIO) DO SERVIÇO DE ESTABILIZAÇÃO DE PACIENTE (SEP) DA POLICLÍNICA NAVAL DE MANAUS, DESTINADO AO ENFRENTAMENTO DA EMERGÊNCIA DE SAÚDE PÚBLICA DE IMPORTÂNCIA INTERNACIONAL DECORRENTE DO CORONAVÍRUS.",1,0,8950
11/2020,Dispensa de Licitação,63401000774202090,788820,CENTRO DE INTENDENCIA DA MARINHA EM MANAUS,Manaus/AM,"CONTRATAÇÃO DE SERVIÇO DE MANUTENÇÃO CORRETIVA DA REDE DE AR COMPRIDO DO SERVIÇO DE ESTABILIZAÇÃO DE PACIENTE (SEP) DA POLICLÍNICA NAVAL DE MANAUS, DESTINADO AO ENFRENTAMENTO DA EMERGÊNCIA DE SAÚDE PÚBLICA DE IMPORTÂNCIA INTERNACIONAL DECORRENTE DO CORONAVÍRUS.",1,0,8950
9/2020,Dispensa de Licitação,63067001474202076,782700,HOSPITAL NAVAL_DE SALVADOR,Salvador/BA,AQUISIÇÃO DE MACA HIDRÁULICA.,1,0,8889
10/2020,Dispensa de Licitação,63401000979202075,788820,CENTRO DE INTENDENCIA DA MARINHA EM MANAUS,Manaus/AM,"AQUISIÇÃO DE MATERIAL DE CONSUMO DE LIMPEZA E HIGIENIZAÇÃO PARA ATENDER ÀS DEMANDAS DE LIMPEZA DA POLICLÍNICA NAVAL DE MANAUS (PNMA), ONDE SÃO ATENDIDOS PACIENTES COM QUADRO CLÍNICO QUE APRESENTAM SINTOMAS SUGESTIVOS OU PROVÁVEIS DO NOVO CORONAVÍRUS (SARS-COV-2).",15,0,8673
142/2020,Dispensa de Licitação,788340-0167/2020,788340,CAPITANIA FLUVIAL DE PORTO VELHO,Porto Velho/RO,SERVIÇO DE MANUTENÇÃO ELÉTRICA DO PAINEL DE CONTROLE DO GERADOR DA AGEFLU MUTIRUM II.,1,0,8607.9
133/2020,Dispensa de Licitação,63154001696202018,791500,COMANDO DA FORCA DE SUBMARINOS,Rio de Janeiro/RJ,AR PORTÁTIL 12F SP MIDEA 127V R-410,1,0,8245
167/2020,Dispensa de Licitação,63154001935202021,791500,COMANDO DA FORCA DE SUBMARINOS,Rio de Janeiro/RJ,AR PORTÁTIL 12 FSP MIDEA 124V R-410,1,0,8245
114/2020,Dispensa de Licitação,PFMS 17/2020,788340,CAPITANIA FLUVIAL DE PORTO VELHO,Porto Velho/RO,"AQUISIÇÃO DE PEÇAS SOBRESSALENTES A SEREM EMPREGADAS NA MANUTENÇÃO DAS EMBARCAÇÕES LAEP REG RIO MAICI E GUERREIRO, UTILIZADAS NO COMBATE A PANDEMIA COVID-19, NA ÁREA DE JURISDIÇÃO DA AGÊNCIA FLUVIAL DE HUMAITÁ.",7,0,8000
38/2020,Dispensa de Licitação,63446000464202059,795500,BASE DE FUZILEIROS NAVAIS DO RIO MERITI,Duque de Caxias/RJ,MATERIAL DESTINADO AO COMBATE DA COVID-19,1,0,7936
53/2020,Dispensa de Licitação,63446000464202059,795500,BASE DE FUZILEIROS NAVAIS DO RIO MERITI,Duque de Caxias/RJ,"MATERIAL COM APLICAÇÃO PELO GPTOPFUZNAV QUE ATUARÁ FRENTE A PANDEMIA DA COVID-19.  ",1,0,7886.4
34/2020,Dispensa de Licitação,63607002466202047,782700,HOSPITAL NAVAL_DE SALVADOR,Salvador/BA,"PROJETO DE CRIAÇÃO/ADEQUAÇÃO DE NÚCLEO DE ATENDIMENTO AO IDOSO E RELOCAÇÃO DE AMBIENTES ADMINISTRATIVO E DE APOIO PARA SAÚDE (AUDITORIA MÉDICA, CCIH, DEPARTAMENTO DE SAÚDE, DIVISÃO DE SAÚDE, MARCAÇÃO DE CONSULTAS - CENTRAL DE TELEFONIA) NO HOSPITAL NAVAL DE SALVADOR. ",1,0,7836
36/2020,Dispensa de Licitação,63607002469202081,782700,HOSPITAL NAVAL_DE SALVADOR,Salvador/BA,"SERVIÇO DE INSTALAÇÃO DA SEGUNDA SECADORA DE AR COMPRIMIDO NO CENTRO CIRÚRGICO, VÁLVULAS E MANUTENÇÃO PREVENTIVA DO COMPRESSOR DE AR E NA LINHA DE AR COMPRIMIDO DA ALA-A (COVID-19) E CENTRO CIRÚRGICO COM UTILIZAÇÃO DE SECADOR DE AR.   ",1,0,7585
1/2020,Dispensa de Licitação,63067001239202002,782700,HOSPITAL NAVAL_DE SALVADOR,Salvador/BA,AQUISIÇÃO DE MATERIAL MÉDICO CIRÚRGICO.,2,0,7520
10934/2020,Dispensa de Licitação,63033000934202036,783800,BASE NAVAL DE NATAL - RN,Natal/RN,AQUISICAO DE SCANNER KODAK S2080W,1,0,7510
119/2020,Dispensa de Licitação,88340-0156/2020-A,788340,CAPITANIA FLUVIAL DE PORTO VELHO,Porto Velho/RO,AQUISIÇÃO DE MATERIAL PERMANENTE PARA EMPREGO NAS ATIVIDADES DE COMBATE AO COVID-19 PELA CAPITANIA FLUVIAL DE PORTO VELHO.,3,0,7220
5069/2020,Dispensa de Licitação,12020,764200,SERVICO DE VETERANOS E PENSIONISTAS DA MARINH,Rio de Janeiro/RJ,ALCOOL GEL 70%.,1,0,7200
130/2020,Dispensa de Licitação,63154001693202076,791500,COMANDO DA FORCA DE SUBMARINOS,Rio de Janeiro/RJ,"GERADOR A DIESEL TRIFÁSICO 220V PARTIDA ELÉTRICA (6,3 KVA)",1,0,7184
12/2020,Dispensa de Licitação,63607001502202055,782700,HOSPITAL NAVAL_DE SALVADOR,Salvador/BA,CARRO PARA DISPENSAÇÃO DE MEDICAMENTOS EM DOSE UNITÁRIA INDIVIDUALIZADA.,1,0,7170.98
111/2020,Dispensa de Licitação,63030002732202059,782320,CAPITANIA DOS PORTOS DO ESTADO DE SERGIPE,Aracaju/SE,"REVISÃO DE 100H NA MOTO AQUATICA 9 - UTILIZADA EM FAINAS DE PREVENÇÃO À COVID19 E ENTREGA DE ALIMENTOS,AS MOTOS AQUÁTICAS DA CPSE DESEMPENHAM PAPEL FUNDAMENTAL NO APOIO AOS TRABALHOS DE CONSCIENTIZAÇÃO E PREVENÇÃO À COVID19, PRINCIPALMENTE PARA EVITAR AGLOMERAÇÃO DE PESSOAS EM PONTOS TURÍSTICOS DE SERGIPE.",11,0,7097
109/2020,Dispensa de Licitação,63030002127202088,782320,CAPITANIA DOS PORTOS DO ESTADO DE SERGIPE,Aracaju/SE,"REVISÃO DE 100H NA MOTO AQUÁTICA 7 - UTILIZADA EM FAINAS DE PREVENÇÃO À COVID19 E ENTREGA DE ALIMENTOS,AS MOTOS AQUÁTICAS DA CPSE DESEMPENHAM PAPEL FUNDAMENTAL NO APOIO AOS TRABALHOS DE CONSCIENTIZAÇÃO E PREVENÇÃO À COVID19, PRINCIPALMENTE PARA EVITAR AGLOMERAÇÃO DE PESSOAS EM PONTOS TURÍSTICOS DE SERGIPE.  ",11,0,7097
10/2020,Dispensa de Licitação,63067001477202018,782700,HOSPITAL NAVAL_DE SALVADOR,Salvador/BA,AQUISIÇÃO DE ASPIRADOR CIRÚRGICO.,1,0,7000
187/2020,Dispensa de Licitação,63154001993202055,791500,COMANDO DA FORCA DE SUBMARINOS,Rio de Janeiro/RJ,DESINFETANTE LYSOFORM AEROSOL 360ML,1,0,6760
62/2020,Dispensa de Licitação,63446000464202059,795500,BASE DE FUZILEIROS NAVAIS DO RIO MERITI,Duque de Caxias/RJ,MATERIAL COM APLICAÇÃO PELO GPTOPFUZNAV QUE ATUARÁ FRENTE A PANDEMIA DA COVID-19.,1,0,6696
43/2020,Dispensa de Licitação,63054.004517/2020,789310,CAPITANIA DOS PORTOS DE SAO PAULO,São Paulo/SP,"CONFECÇÃO DE ABRIGO PARA O CTDIC - CONFECÇÃO DE COBERTURA MÓVEL, MEDIDA: 7,75 MT X 3,60 MT, EM LONA VEDASOL, COR AZUL, PROTEÇÃO UV, COM BANDÔ VULCANIZADO, ESTRUTURA EM AÇO COM PINTURA ESMALTE SINTÉTICO, DIÂMETRO DOS TUBOS DE SUSTENTAÇÃO E LONGARINAS LONGITUDINAIS, NO MÍNIMO, DE DUAS POLEGADAS, O ABRIGO DEVERÁ TER SISTEMA DE FIXAÇÃO NO SOLO, A FIM DE IMPEDIR O SEU DESLOCAMENTO PELA AÇÃO DO VENTO.",1,0,6490
42/2020,Dispensa de Licitação,63054.004517/2020,789310,CAPITANIA DOS PORTOS DE SAO PAULO,São Paulo/SP,"CONFECÇÃO DE ABRIGO PARA O CTDIC - CONFECÇÃO DE COBERTURA MÓVEL, MEDIDA: 7,75 MT X 3,60 MT, EM LONA VEDASOL, COR AZUL, PROTEÇÃO UV, COM BANDÔ VULCANIZADO, ESTRUTURA EM AÇO COM PINTURA ESMALTE SINTÉTICO, DIÂMETRO DOS TUBOS DE SUSTENTAÇÃO E LONGARINAS LONGITUDINAIS, NO MÍNIMO, DE DUAS POLEGADAS, O ABRIGO DEVERÁ TER SISTEMA DE FIXAÇÃO NO SOLO, A FIM DE IMPEDIR O SEU DESLOCAMENTO PELA AÇÃO DO VENTO.",1,0,6430
110/2020,Dispensa de Licitação,63030002818202081,782320,CAPITANIA DOS PORTOS DO ESTADO DE SERGIPE,Aracaju/SE,"REVISÃO DE 100H NA MOTO AQUATICA 8 - UTILIZADA EM FAINAS DE PREVENÇÃO À COVID19 E ENTREGA DE ALIMENTOS,AS MOTOS AQUÁTICAS DA CPSE DESEMPENHAM PAPEL FUNDAMENTAL NO APOIO AOS TRABALHOS DE CONSCIENTIZAÇÃO E PREVENÇÃO À COVID19, PRINCIPALMENTE PARA EVITAR AGLOMERAÇÃO DE PESSOAS EM PONTOS TURÍSTICOS DE SERGIPE.",10,0,6297
20/2020,Dispensa de Licitação,63359000263202031,781330,CAPITANIA DOS PORTOS_DO EST DO RIO DE JANEIRO,Rio de Janeiro/RJ,AQUISIÇÃO DO MATERIAL PARA AGÊNCIA DA CAPITANIA DOS PORTOS EM PARATY.,1,0,6289.9
18/2020,Dispensa de Licitação,63067001724202078,782700,HOSPITAL NAVAL_DE SALVADOR,Salvador/BA,"AQUISIÇÃO DE CONJUNTO PRIVATIVO PROFISSIONAL DE USO HOSPITALAR, PARA PROFISSIONAIS QUE ATUAM NA ALA DE TRATAMENTO DE PESSOAS COM COVID-19.",3,0,6240
170/2020,Dispensa de Licitação,SOLEMP 178/2020,765706,SANATORIO NAVAL DE NOVA FRIBURGO,Nova Friburgo/RJ,AQUISIÇÃO DE TESTE RÁPIDO PARA COVID-19 IGG/IGM PARA REALIZAÇÃO DE ATENDIMENTOS NO AMBULATÓRIO.,1,0,6165
292/2020,Dispensa de Licitação,63446001468202054,795500,BASE DE FUZILEIROS NAVAIS DO RIO MERITI,Duque de Caxias/RJ,LOCAÇÃO DE CONTAINER PARA O PAIOL DE GÊNEROS FRIGORÍFICADOS.,1,0,6100
129/2020,Dispensa de Licitação,788340/2020/165,788340,CAPITANIA FLUVIAL DE PORTO VELHO,Porto Velho/RO,AQUISIÇÃO DE MATERIAL COMBATE AO COVID 19,4,0,6019.8
188/2020,Dispensa de Licitação,63106.001068/2020,795500,BASE DE FUZILEIROS NAVAIS DO RIO MERITI,Duque de Caxias/RJ,NOTEBOOK,1,0,6006.86
21/2020,Dispensa de Licitação,63070000832202074,765703,ODONTOCLINICA CENTRAL,Rio de Janeiro/RJ,"CONFECÇÃO E INSTALAÇÃO DE ARMÁRIOS PARA ARMAZENAMENTO DE CAIXAS DE PRÓTESE DA CLÍNICA DE ODONTOGERIATRIA DA OCM.  ",2,0,6000
11/2020,Dispensa de Licitação,63067001478202054,782700,HOSPITAL NAVAL_DE SALVADOR,Salvador/BA,AQUISIÇÃO DE DIVISÓRIAS.,1,0,5470.26
43/2020,Dispensa de Licitação,63067002615202078,782700,HOSPITAL NAVAL_DE SALVADOR,Salvador/BA,"AQUISIÇÃO DE MÁSCARA FACIAL TOTAL.   ",1,0,5450
22/2020,Dispensa de Licitação,63607001787202024,782700,HOSPITAL NAVAL_DE SALVADOR,Salvador/BA,"LENÇÓIS SEM ELÁSTICO, PERCAL 180 FIOS, COR BRANCA.",1,0,5400
24/2020,Dispensa de Licitação,63607001791202092,782700,HOSPITAL NAVAL_DE SALVADOR,Salvador/BA,"AQUISIÇÃO DE TRAVESSAS E COLCHAS A SEREM USADOS NA ALA COM OS PACIENTES DA COVID-19.   ",2,0,5386
1992/2020,Dispensa de Licitação,63033001992202087,783800,BASE NAVAL DE NATAL - RN,Natal/RN,AQUISICAO DE ALCOOL PARA EMPREGAR NA SEGURANÇA DESCONTAMINACAO DE MATERIAS E INSTALAÇOES.,2,0,5302.82
282/2020,Dispensa de Licitação,63982000310202090,795500,BASE DE FUZILEIROS NAVAIS DO RIO MERITI,Duque de Caxias/RJ,AQUISIÇÃO DE EQUIPAMENTO PARA O CENTRO DE OPERAÇÕES (COC)LOCAL ONDE ABRIGA O COMANDO DO GPTOPFUZNAV-COVID-19 QUE ATUA  FRENTE A PANDEMIA DA COVID-19.,1,0,5200
5003/2020,Dispensa de Licitação,5003,764200,SERVICO DE VETERANOS E PENSIONISTAS DA MARINH,Rio de Janeiro/RJ,LUVA DE PROTEÇÃO DE LATEX.,1,0,5124
38/2020,Dispensa de Licitação,63607002482202030,782700,HOSPITAL NAVAL_DE SALVADOR,Salvador/BA,AQUISIÇÃO DE CAPOTES CIRÚRGICOS.,3,0,5095.2
136/2020,Dispensa de Licitação,88340-0166/2020,788340,CAPITANIA FLUVIAL DE PORTO VELHO,Porto Velho/RO,"CONTRATAÇÃO DE SERVIÇO DE MANUTENÇÃO GERAL DO GERADOR ESTACIONÁRIO DA EMBARCAÇÃO AGEFLU MUTIRUM II, UTILIZADA NO APOIO DAS ATIVIDADES DE COMBATE AO COVID-19, DESENVOLVIDAS PELA CAPITANIA FLUVIAL DE PORTO VELHO.",1,0,5000
25/2020,Dispensa de Licitação,25202020,781330,CAPITANIA DOS PORTOS_DO EST DO RIO DE JANEIRO,Rio de Janeiro/RJ,AQUISIÇÃO DE COMBUSTÍVEL PARA ABASTECIMENTOS DE EMBARRACAÇÕES E VIATURAS.,3,0,4998.85
37/2020,Dispensa de Licitação,63607002472202002,782700,HOSPITAL NAVAL_DE SALVADOR,Salvador/BA,AQUISIÇÃO DE PEÇA- CAPA BLOCO INS EVITA - 9019.20.10 PARA MANUTENÇÃO DE EQUIPAMENTO HOSPITALAR A SER USADO PELOS PACIENTES COM COVID-19.,1,0,4972.77
189/2020,Dispensa de Licitação,63154002042202001,791500,COMANDO DA FORCA DE SUBMARINOS,Rio de Janeiro/RJ,DESINFETANTE LYSOFORM SPRAY 500ML,1,0,4896.65
44/2020,Dispensa de Licitação,63067002616202012,782700,HOSPITAL NAVAL_DE SALVADOR,Salvador/BA,"AQUISIÇÃO DE COLCHÃO HOSPITALAR 190 X 90 X 10 CM, DENSIDADE D33 COM CAPA AZUL.",1,0,4800
37/2020,Dispensa de Licitação,63446000464202059,795500,BASE DE FUZILEIROS NAVAIS DO RIO MERITI,Duque de Caxias/RJ,MATERIAL DESTINADO AO COMBATE DA COVID-19,9,0,4765.700000000001
56/2020,Dispensa de Licitação,63067003633202077,782700,HOSPITAL NAVAL_DE SALVADOR,Salvador/BA,COMPRA DE MEDICAMENTOS PARA ATENDER PACIENTES EM ATENDIMENTO NA ALA COVID-19.,30,0,4716.6
166/2020,Dispensa de Licitação,63154001936202076,791500,COMANDO DA FORCA DE SUBMARINOS,Rio de Janeiro/RJ,IMOBILIZADOR CABEÇA PRANCHA ESPUMA - APARELHO DE PRESSÃO PREMIUM C/ ESTETO - PRANCHA RESGATE POLIPROPILENO AMARELO E TERMÔMETRO DIGITAL OMROM,4,0,4587.5
9155/2020,Dispensa de Licitação,85121-0349/2020,785810,CENTRO DE INTEND.DA MARINHA EM RIO GRANDE,Rio Grande/RS,AQUISIÇÃO DE MEDICAMENTOS PARA O SERVIÇO DE PRONTO ATENDIMENTO DA PNRG.,3,0,4490
36/2020,Dispensa de Licitação,63446000464202059,795500,BASE DE FUZILEIROS NAVAIS DO RIO MERITI,Duque de Caxias/RJ,MATERIAL DESTINADO AO COMBATE DA COVID-19,5,0,4344.58
28/2020,Dispensa de Licitação,63176000463202031,781332,DELEGACIA CAP.PORTOS EST RJ EM ITACURUCÁ,Mangaratiba/RJ,"CONTRATAÇÃO DE SEGURO VEICULAR DAS VIATURAS: CORSA - PLACA LNU 7F65; CLASSIC - PLACA KZD 7758; GOL - PLACA LMQ 8D42; E S10 - PLACA LLU 9855, A FIM DE CUMPRIR O DISPOSTO NA AÇÃO ORÇAMENTÁRIA 21CO - ENFRENTAMENTO DA EMERGÊNCIA DE SAÚDE PUBLICA DE IMPORTÂNCIA INTERNACIONAL DECORRENTE DO CORONAVÍRUS.",2,0,4304.12
35/2020,Dispensa de Licitação,63607002468202036,782700,HOSPITAL NAVAL_DE SALVADOR,Salvador/BA,SERVIÇO DE MANUTENÇÃO NO AR CONDICIONADO DE 120.000 BTU DO NEONATAL.,1,0,4300
64/2020,Dispensa de Licitação,63446000464202059,795500,BASE DE FUZILEIROS NAVAIS DO RIO MERITI,Duque de Caxias/RJ,MATERIAL COM APLICAÇÃO PELO GPTOPFUZNAV QUE ATUARÁ FRENTE A PANDEMIA DA COVID-19.,2,0,4220
31/2020,Dispensa de Licitação,63359000271202087,781330,CAPITANIA DOS PORTOS_DO EST DO RIO DE JANEIRO,Rio de Janeiro/RJ,"AQUISIÇÃO DE MATERIAIS 01 NOBREAK E 01 NOTEBOOK SENDO NECESSÁRIOS PARA AGÊNCIA DA CAPITANIA DOS PORTOS EM PARATY NA OPERACIONALIZAÇÃO DO CENTRO DE COORDENAÇÃO E CONTROLE DA AUTORIDADE MARÍTIMA (CCCAM), DURANTE AS AÇÕES DE ENFRENTAMENTO DA PANDEMIA DO COVID-19 ADEQUANDO O SETOR ÀS ATIVIDADES DESENVOLVIDAS DURANTE AS OPERAÇÕES CONJUNTAS ENTRE ÓRGÃOS EXTRA-MARINHA: CORPO DE BOMBEIROS MILITAR E OS ÓRGÃOS AMBIENTAIS INEA E ICMBIO.",2,0,4000
24/2020,Dispensa de Licitação,63176000397202008,781332,DELEGACIA CAP.PORTOS EST RJ EM ITACURUCÁ,Mangaratiba/RJ,"AQUISIÇÃO DE ASPIRADOR DE PÓ E LAVADORA DE ALTA PRESSÃO A SEREM UTILIZADOS NA DESCONTAMINAÇÃO DE MATERIAIS E INSTALAÇÕES. REFERIDA AQUISIÇÃO, VISA CUMPRIR O DISPOSTO NA AÇÃO ORÇAMENTÁRIA 21C0- ENFRENTAMENTO DA EMERGÊNCIA DE SAÚDE PÚBLICA DE IMPORTÂNCIA INTERNACIONAL DECORRENTE DO CORONAVÍRUS.",2,0,3970
17/2020,Dispensa de Licitação,63067001699202022,782700,HOSPITAL NAVAL_DE SALVADOR,Salvador/BA,AQUISIÇÃO DE SAPATO FLIP IMPERMEÁVEL PARA USO DOS PROFISSIONAIS DE SAÚDE EM ATUAÇÃO NO ATENDIMENTO A PACIENTES COM COVID-19,1,0,3900
20/2020,Dispensa de Licitação,63176000394202066,781332,DELEGACIA CAP.PORTOS EST RJ EM ITACURUCÁ,Mangaratiba/RJ,"PRESTAÇÃO DE SERVIÇO DE 02 (DUAS) REVISÕES DE 20.000 KM E 02 (DUAS) REVISÕES DE 30.000 KM DAS VIATURAS ADMINISTRATIVAS PLACAS LMU0I67 E LMU0171, EMPREGADAS NO PLANEJAMENTO, COORDENAÇÃO E GERENCIAMENTO DAS AÇÕES ESTRATÉGICAS DO COVID-19.",1,0,3898
82/2020,Dispensa de Licitação,63013000921202003,765000,DIRETORIA DE SAUDE DA MARINHA,Rio de Janeiro/RJ,MEDIDOR DE CUFF - MATERIAL PARA ENFRENTAMENTO DO PANDEMIA DE COVID-19.,1,0,3880
8/2020,Dispensa de Licitação,65000-0021/2020,765000,DIRETORIA DE SAUDE DA MARINHA,Rio de Janeiro/RJ,MEDIDOR DE CUFF,2,0,3880
47/2020,Dispensa de Licitação,63446000464202059,795500,BASE DE FUZILEIROS NAVAIS DO RIO MERITI,Duque de Caxias/RJ,MATERIAL COM APLICAÇÃO PELO GPTOPFUZNAV QUE ATUARÁ FRENTE A PANDEMIA DA COVID-19.,4,0,3781.3999999999996
190/2020,Dispensa de Licitação,63154002042202001,791500,COMANDO DA FORCA DE SUBMARINOS,Rio de Janeiro/RJ,DESINFETANTE LYSOFORM SPRAY 500ML,1,0,3748.25
7/2020,Dispensa de Licitação,63067001466202020,782700,HOSPITAL NAVAL_DE SALVADOR,Salvador/BA,TESTE PARA DETECÇÃO DE ANTICORPOS IGG E IGM COVID-19 IMUNOCROMATOGRAFIA,1,0,3300
45/2020,Dispensa de Licitação,63386001297202015,795180,BASE DE FUZILEIROS NAVAIS ILHA DO GOVERN./RJ,Rio de Janeiro/RJ,"CONTRATAÇÃO DE EMPRESA ESPECIALIZADA NO FORNECIMENTO DE EQUIPAMENTO SANITIZANTE PARA O COMBATE AO COVID-19 CONFORME CONDIÇÕES, QUANTIDADES E EXIGÊNCIAS ESTABELECIDAS NO TERMO DE REFERÊNCIA PARA BASE DE FUZILEIROS NAVAIS DA ILHA DO GOVERNADOR",1,0,3279.5
52/2020,Dispensa de Licitação,63446000464202059,795500,BASE DE FUZILEIROS NAVAIS DO RIO MERITI,Duque de Caxias/RJ,MATERIAL COM APLICAÇÃO PELO GPTOPFUZNAV QUE ATUARÁ FRENTE A PANDEMIA DA COVID-19.,1,0,3247
134/2020,Dispensa de Licitação,63154001697202054,791500,COMANDO DA FORCA DE SUBMARINOS,Rio de Janeiro/RJ,BARRACA CAMPING MODELO FOX 2/3 TIPO IGLU COM SOBRE TETO COMPLETO P/ 2 PESSOAS.,1,0,3237
41/2020,Dispensa de Licitação,63446000466202048,795500,BASE DE FUZILEIROS NAVAIS DO RIO MERITI,Duque de Caxias/RJ,MATERIAL DESTINADO NO COMBATE AO COVID-19.,1,0,3200
40/2020,Dispensa de Licitação,63446000464202059,795500,BASE DE FUZILEIROS NAVAIS DO RIO MERITI,Duque de Caxias/RJ,"MATERIAL DESTINADO AO COMBATE COVID-19 ",1,0,3200
37/2020,Dispensa de Licitação,63274001084202051,789101,COMANDO DO GRUP DE PAT NAVAL DO SUL SUDESTE,Santos/SP,"AQUISIÇÃO DE CARREGADOR DE BATERIAS ESTACIONÁRIAS PARA MANTER O FUNCIONAMENTO DOS EQUIPAMENTOS VITAIS DO NPA GUAJARÁ, FIM MANTER O PRONTO ATENDIMENTO NAS AÇÕES DE MITIGAÇÃO DOS IMPACTOS DO COVID-19.",1,0,3139.5
176/2020,Dispensa de Licitação,63154001992202019,791500,COMANDO DA FORCA DE SUBMARINOS,Rio de Janeiro/RJ,PRANCHA DE RESGATE E ÓCULOS DE PROTEÇÃO,2,0,3002.04
134/2020,Dispensa de Licitação,PFMS 11/2020,788340,CAPITANIA FLUVIAL DE PORTO VELHO,Porto Velho/RO,AQUISIÇÃO DE MATERIAL COMBATE COVID-19,5,0,3000
130/2020,Dispensa de Licitação,PFMS 14/2020,788340,CAPITANIA FLUVIAL DE PORTO VELHO,Porto Velho/RO,AQUISIÇÃO DE MATERIAL DE LIMPEZA EM PROL DA COVID-19.,10,0,3000
120/2020,Dispensa de Licitação,PFMS 18/2020,788340,CAPITANIA FLUVIAL DE PORTO VELHO,Porto Velho/RO,"AQUISIÇÃO DE MATERIAL PARA LIMPEZA E HIGIENIZAÇÃO A SEREM APLICADOS NO COMBATE AO COVID-19, PELA AGÊNCIA FLUVIAL DE HUMAITÁ.",13,0,3000
121/2020,Dispensa de Licitação,81313001212020,781313,DELEGACIA FLUVIAL DE PIRAPORA MARINHA,Pirapora/MG,"TENDA SANFONADA 3,00 X 4,50 MTS, MATERIAL EM LONA TD1000 VINÍLICA 100% PVC COM BLACKOUT ANTICHAMA E IMPERMEÁVEL DA COR AZUL ROYAL, ESTRUTURA EM AÇO ZINCADO. ",1,0,3000
277/2020,Dispensa de Licitação,62194002203202010,795500,BASE DE FUZILEIROS NAVAIS DO RIO MERITI,Duque de Caxias/RJ,AQUISIÇÃO DE DOSADOR DE PRODUTOS QUÍMICOS PARA O COMBATE AO COVID-19.,5,0,2864.5
3055/2020,Dispensa de Licitação,033/2020,785810,CENTRO DE INTEND.DA MARINHA EM RIO GRANDE,Rio Grande/RS,"MANUTENÇÃO DE VIATURA EM APOIO, NO CONTROLE DO CORONAVÍRUS ATRAVÉS DE DIVERSAS AÇÕES COMO: DESINFECÇÃO DE ÁREAS PÚBLICAS DE GRANDE CIRCULAÇÃO, APOIO DE TRANSPORTE E MOBILIDADE A ITENS CRÍTICOS DE SAÚDE, AÇÕES DE AJUDA HUMANITÁRIA E OUTRAS PARA ENFRENTAMENTO DA EMERGÊNCIA DE SAÚDE PÚBLICA DECORRENTE DO RECENTE SURTO DO NOVO CORONAVÍRUS COVID-19) DE ACORDO COM A LEI Nº 13.979, DE 06 DE FEVEREIRO DE 2020, ALTERADO PELA MEDIDA PROVISÓRIA N° 926, DE 2020.",2,0,2720.7
27/2020,Dispensa de Licitação,63067001877202015,782700,HOSPITAL NAVAL_DE SALVADOR,Salvador/BA,"AQUISIÇÃO DE ASPIRADOR DE SECREÇÃO PORTÁTIL 1,3L.",1,0,2700
3073/2020,Dispensa de Licitação,85200-0138/2020,785810,CENTRO DE INTEND.DA MARINHA EM RIO GRANDE,Rio Grande/RS,"AQUISIÇÃO DE MATERIAL PARA ATENDER AS DEMANDAS APRESENTADAS PELA DEFESA CIVIL E PREFEITURA MUNICIPAL DE RIO GRANDE NAS AÇÕES DE DESCONTAMINAÇÃO DAS ORGANIZAÇÕES MILITARES REALIZADA PELA EQUIPE DE NBQR DO GPTFNRG, NOS PONTOS DE ÔNIBUS DA CIDADE DE RIO GRANDE , INCLUINDO A OM DE SAÚDE (PNRG) PARA COMBATE A COVID-19",1,0,2616
173/2020,Dispensa de Licitação,63154001989202097,791500,COMANDO DA FORCA DE SUBMARINOS,Rio de Janeiro/RJ,"BOLSA CILINDRO DE O2, CILINDRO OXIGÊNIO 3LT ALU GASWIDE CHEIO, UMIDIFICADOR PROTEC C/MÁSCARA COMPLETO, VALVULA OXIGÊNIO CILIN PROTEC C/ FLUXOMET, VALVULA UNIDIRECIONAL OXIGEL.",5,0,2591.8
3081/2020,Dispensa de Licitação,85200-0206/2020,785810,CENTRO DE INTEND.DA MARINHA EM RIO GRANDE,Rio Grande/RS,"EQUIPAMENTOS PARA ATENDER OS MILITARES ENVOLVIDOS NA LIMPEZA/DESCONTAMINAÇÃO EM DEFESA BIOLÓGICA, QUÍMICA E RADIOLÓGICA (DBQNR) DO GPTFNRG PARA COMBATE A COVID-19.",1,0,2520
3076/2020,Dispensa de Licitação,85200-128/2020,785810,CENTRO DE INTEND.DA MARINHA EM RIO GRANDE,Rio Grande/RS,"AQUISIÇÃO DE MANGUEIRA DE COMBATE A INCÊNDIO PARA DAR APOIO A PREFEITURA DE RIO GRANDE, NO COMBATE AO NOVO CORONA VÍRUS ",1,0,2520
133/2020,Dispensa de Licitação,PFMS 12/2020,788340,CAPITANIA FLUVIAL DE PORTO VELHO,Porto Velho/RO,AQUISIÇÃO DE MATERIAL DE PROTEÇÃO EM PROL DO COVID-19.,7,0,2500
132/2020,Dispensa de Licitação,PFMS 12/2020,788340,CAPITANIA FLUVIAL DE PORTO VELHO,Porto Velho/RO,AQUISIÇÃO DE MATERIAL PARA COVID-19.,3,0,2500
131/2020,Dispensa de Licitação,PFMS 13/2020,788340,CAPITANIA FLUVIAL DE PORTO VELHO,Porto Velho/RO,AQUISIÇÃO DE MATERIAL DE HIGIENE EM PROL DA COVID-19.,6,0,2500
115/2020,Dispensa de Licitação,PFMS 09/2020,788340,CAPITANIA FLUVIAL DE PORTO VELHO,Porto Velho/RO,"AQUISIÇÃO DE UM APARELHO PULVERIZADOR E UMA MOTO-BOMBA MOTORIZADOS A SEREM EMPREGADOS NO COMBATE A PANDEMIA COVID-19, NAS ÁREAS E INSTALAÇÕES DA AGÊNCIA FLUVIAL DE GUAJARÁ-MIRIM.",2,0,2500
20/2020,Dispensa de Licitação,63067001754202084,782700,HOSPITAL NAVAL_DE SALVADOR,Salvador/BA,AQUISIÇÃO DE TESTE RÁPIDO LGG/LGM - IMUNOENSAIO CROMÁTICO PARA DETECÇÃO QUALITATIVA DE ANTICORPOS LGG E LGM PARA COVID-19 PARA ENFRENTAMENTO DA EMERGÊNCIA PÚBLICA DECORRENTE DO CORONAVÍRUS.,1,0,2500
8/2020,Dispensa de Licitação,88340-0028/2020,788340,CAPITANIA FLUVIAL DE PORTO VELHO,Porto Velho/RO,"AQUISIÇÃO DE MATERIAL DE LIMPEZA E HIGIENE PARA A CFPV, A FIM DE APOIAR A OPERAÇÃO GRANDE MURALHA NO COMBATE A DISSEMINAÇÃO DO COVID-19.",7,0,2499.12
113/2020,Dispensa de Licitação,PFMS 16/2020,788340,CAPITANIA FLUVIAL DE PORTO VELHO,Porto Velho/RO,"AQUISIÇÃO DE UM APARELHO PULVERIZADOR MOTORIZADO A SER EMPREGADO NO COMBATE A PANDEMIA COVID-19, NAS ÁREAS E INSTALAÇÕES DA AGÊNCIA FLUVIAL DE HUMAITÁ.",1,0,2498
6/2020,Dispensa de Licitação,63067001418202031,782700,HOSPITAL NAVAL_DE SALVADOR,Salvador/BA,CIRCUITO PACIENTE VENTILAÇÃO SIL ADULTO,1,0,2476
126/2020,Dispensa de Licitação,788340/162/2020,788340,CAPITANIA FLUVIAL DE PORTO VELHO,Porto Velho/RO,"AQUISIÇÃO DE MATERIAL DE LIMPEZA EM PROL DO COMBATE AO COVID-19, PELA CAPITANIA FLUVIAL DE PORTO VELHO.",11,0,2331.15
1996/2020,Dispensa de Licitação,63033001996202065,783800,BASE NAVAL DE NATAL - RN,Natal/RN,"AQUISIÇAO DE MACACAO DE SEGURANÇA STEELGEN PARA USO DE PROTEÇÃO DE MILITARES NA DESCONTAMINAÇAO DE MATERIAS E INSTALAÇOES. ",1,0,2325
121/2020,Dispensa de Licitação,88340-0156/2020-B,788340,CAPITANIA FLUVIAL DE PORTO VELHO,Porto Velho/RO,"AQUISIÇÃO DE MATERIAL PERMANENTE A SER EMPREGADO NO COMBATE AO COVID-19, PELA CAPITANIA FLUVIAL DE PORTO VELHO.",1,0,2320
283/2020,Dispensa de Licitação,63982000281202066,795500,BASE DE FUZILEIROS NAVAIS DO RIO MERITI,Duque de Caxias/RJ,"AQUISIÇÃO DE EQUIPAMENTO PARA O CENTRO DE OPERAÇÕES DE COMBATE (COC)LOCAL DO COMANDO DO GPTOPFUZNAV- COVID-19 QUE ATUA FRENTE A PANDEMIA DA COVID-19, PARA ATENDER A DEMANDA DE MATERIAL DE INFORMÁTICA, PARTE 1  DE 2 VALOR DE 2.300,00 NO TOTAL DE 3.800,00.",1,0,2300
32/2020,Dispensa de Licitação,63359000271202087,781330,CAPITANIA DOS PORTOS_DO EST DO RIO DE JANEIRO,Rio de Janeiro/RJ,"AQUISIÇÃO DE MATERIAL 01 MICROCOMPUTADOR SENDO NECESSÁRIO PARA AGÊNCIA DA CAPITANIA DOS PORTOS EM PARATY A OPERACIONALIZAÇÃO DO CENTRO DE COORDENAÇÃO E CONTROLE DA AUTORIDADE MARÍTIMA (CCCAM), DURANTE AS AÇÕES DE ENFRENTAMENTO DA PANDEMIA DO COVID-19 ADEQUANDO O SETOR ÀS ATIVIDADES DESENVOLVIDAS DURANTE AS OPERAÇÕES CONJUNTAS ENTRE ÓRGÃOS EXTRA-MARINHA: CORPO DE BOMBEIROS MILITAR E OS ÓRGÃOS AMBIENTAIS INEA E ICMBIO.",1,0,2242
21/2020,Dispensa de Licitação,63176000401202020,781332,DELEGACIA CAP.PORTOS EST RJ EM ITACURUCÁ,Mangaratiba/RJ,"CONTRATAÇÃO DE SEGURO VEICULAR DE 02 VIATURAS MODELO RANGER, PLACAS LMU0I67/LMU0I71, A FIM DE CUMPRIR O DISPOSTO NA AÇÃO ORÇAMENTÁRIA 21C0- ENFRENTAMENTO DA EMERGÊNCIA DE SAÚDE PÚBLICA DE IMPORTÂNCIA INTERNACIONAL DECORRENTE DO CORONAVÍRUS.",1,0,2224.84
36/2020,Dispensa de Licitação,63274001085202003,789101,COMANDO DO GRUP DE PAT NAVAL DO SUL SUDESTE,Santos/SP,"DESPESA COM AQUISIÇÃO DE BOMBA PNEUMÁTICA, PARA ESGOTO E TRANSFERÊNCIA DE FLUÍDOS OLEOSOS EM EVENTUAL CONTROLE DE AVARIAS A BORDO DO NPA GUAJARÁ, FIM MANTER O PRONTO ATENDIMENTO NAS AÇÕES DE MITIGAÇÃO DOS IMPACTOS DO COVID-19.",1,0,2207.79
191/2020,Dispensa de Licitação,63154002056202017,791500,COMANDO DA FORCA DE SUBMARINOS,Rio de Janeiro/RJ,BARRACA CAMPING MODELO FOX 4/5,1,0,2200
26/2020,Dispensa de Licitação,63176000455202095,781332,DELEGACIA CAP.PORTOS EST RJ EM ITACURUCÁ,Mangaratiba/RJ,"CONTRATAÇÃO DE SEGURO VEICULAR DA VIATURA MODELO IVECO/FIAT TECTOR ATTACK 240E 22 6X2 E5, PLACA LRC 4634, A FIM DE CUMPRIR O DISPOSTO NA AÇÃO ORÇAMENTÁRIA 21CO - ENFRENTAMENTO DA EMERGÊNCIA DE SAÚDE PUBLICA DE IMPORTÂNCIA INTERNACIONAL DECORRENTE DO CORONAVÍRUS. ",1,0,2171.78
33/2020,Dispensa de Licitação,63359000303202044,781330,CAPITANIA DOS PORTOS_DO EST DO RIO DE JANEIRO,Rio de Janeiro/RJ,"AQUISIÇÃO DE MATERIAL RÁDIO PORTÁTIL DE COMUNICAÇÃO SENDO NECESSÁRIO PARA AGÊNCIA DA CAPITANIA DOS PORTOS EM PARATY A OPERACIONALIZAÇÃO DO CENTRO DE COORDENAÇÃO E CONTROLE DA AUTORIDADE MARÍTIMA (CCCAM), DURANTE AS AÇÕES DE ENFRENTAMENTO DA PANDEMIA DO COVID-19 ADEQUANDO O SETOR ÀS ATIVIDADES DESENVOLVIDAS DURANTE AS OPERAÇÕES CONJUNTAS ENTRE ÓRGÃOS EXTRA-MARINHA: CORPO DE BOMBEIROS MILITAR E OS ÓRGÃOS AMBIENTAIS INEA E ICMBIO. ",1,0,2130
28/2020,Dispensa de Licitação,63154.000853/2020,791500,COMANDO DA FORCA DE SUBMARINOS,Rio de Janeiro/RJ,MACACÃO TYVEC BR/ C/CAP TAM XXXG TYCHF5S D14788272 DUPONT - EPPS CA: 34187,1,0,2031
36/2020,Dispensa de Licitação,63154000984202047,791500,COMANDO DA FORCA DE SUBMARINOS,Rio de Janeiro/RJ,MACACÃO TYVEK,1,0,2030
57/2020,Dispensa de Licitação,63067003696202023,782700,HOSPITAL NAVAL_DE SALVADOR,Salvador/BA,AQUISIÇÃO DE MEDICAMENTOS PARA PACIENTES COM COVID-19.,10,0,2024.5500000000002
26/2020,Dispensa de Licitação,63067001871202048,782700,HOSPITAL NAVAL_DE SALVADOR,Salvador/BA,"INSTALAÇÃO DE DIVISÓRIAS COM PERFIL EM AÇO NAVAL, INCLUINDO FORNECIMENTO DE MATERIAL, NA ALA PARA PACIENTES COM COVID-19.",1,0,1963.7
19/2020,Dispensa de Licitação,63070000814202092,765703,ODONTOCLINICA CENTRAL,Rio de Janeiro/RJ,"PEDIDO DE MATERIAL PARA AQUISIÇÃO DE TINTA, QUE SERÁ EMPREGADO NA PINTURA DO SERVIÇO DE PRONTO ATENDIMENTO DESTA ORGANIZAÇÃO MILITAR DE SAÚDE. ",1,0,1960
122/2020,Dispensa de Licitação,788340-160/2020,788340,CAPITANIA FLUVIAL DE PORTO VELHO,Porto Velho/RO,AQUISIÇÃO DE MATERIAL LIMPEZA COVID-19,5,0,1854.8
89/2020,Dispensa de Licitação,63446000464202059,795500,BASE DE FUZILEIROS NAVAIS DO RIO MERITI,Duque de Caxias/RJ,MATERIAL COM APLICAÇÃO PELO GPTOPFUZNAV QUE ATUARÁ FRENTE A PANDEMIA DO COVID-19,1,0,1780.6
9154/2020,Dispensa de Licitação,85121-0348/2020,785810,CENTRO DE INTEND.DA MARINHA EM RIO GRANDE,Rio Grande/RS,AQUISIÇÃO DE MEDICAMENTOS PARA O SERVIÇO DE PRONTO ATENDIMENTO DA PNRG.,2,0,1742.5
46/2020,Dispensa de Licitação,63446000464202059,795500,BASE DE FUZILEIROS NAVAIS DO RIO MERITI,Duque de Caxias/RJ,MATERIAL COM APLICAÇÃO PELO GPTOPFUZNAV QUE ATUARÁ FRENTE A PANDEMIA DA COVID-19.,6,0,1738.23
15/2020,Dispensa de Licitação,63070000782202025,765703,ODONTOCLINICA CENTRAL,Rio de Janeiro/RJ,"PEDIDO DE SERVIÇO INSTALAÇÃO DE DRYWALL NO CORREADOR DA CLÍNICA DE IMPLANTODONTIA DA OCM.    ",1,0,1700
79/2020,Dispensa de Licitação,63446000464202059,795500,BASE DE FUZILEIROS NAVAIS DO RIO MERITI,Duque de Caxias/RJ,ALCOOL GEL 70% (BOMBONA 5 LITROS),1,0,1700
186/2020,Dispensa de Licitação,63106001063202077,795500,BASE DE FUZILEIROS NAVAIS DO RIO MERITI,Duque de Caxias/RJ,LIXEIRA INOS 30L,1,0,1688
288/2020,Dispensa de Licitação,6446001464202076,795500,BASE DE FUZILEIROS NAVAIS DO RIO MERITI,Duque de Caxias/RJ,AQUISIÇÃO DE CAIXA DE CABO DE REDE CAT6A 305M PARA ATENDER A DEMANDA DE MATERIAL DE INFORMÁTICA/EXPEDIENTE NO CENTRO DE OPERAÇÕES DE COMANDO (COC) QUE ATUA DE FRENTE A PANDEMIA DA COVID-19.,1,0,1672
52/2020,Dispensa de Licitação,63067003408202031,782700,HOSPITAL NAVAL_DE SALVADOR,Salvador/BA,"AQUISIÇÃO DE MATERIAIS PARA INTERNAÇÃO DE PACIENTES COM COVID-19. ",3,0,1620
39/2020,Dispensa de Licitação,63607002486202018,782700,HOSPITAL NAVAL_DE SALVADOR,Salvador/BA,"AQUISIÇÃO DE DISPENSER DE ÁLCOOL EM GEL SLIM.   ",1,0,1620
45/2020,Dispensa de Licitação,85341-0087/2020,785341,DELEG.CAPITANIA PORTOS DO EST.SC EM LAGUNA,Laguna/SC,AQUISIÇÃO DE MAQUINA LAVA JATO PARA O COMBATE A COVID-19.,1,0,1600
35/2020,Dispensa de Licitação,PMS 92/2020,765000,DIRETORIA DE SAUDE DA MARINHA,Rio de Janeiro/RJ,AQUISIÇÃO DE 4 CADEIRAS HIGIÊNICAS -  AÇÕES PARA ENFRENTAMENTO DA EMERGÊNCIA DE SAÚDE PÚBLICA DECORRENTE DO CORONA VÍRUS,1,0,1559.6
123/2020,Dispensa de Licitação,788340-161/2020,788340,CAPITANIA FLUVIAL DE PORTO VELHO,Porto Velho/RO,AQUISIÇÃO DE MATERIAIS PARA LIMPEZA E PROTEÇÃO CONTRA A COVID-19.,5,0,1548
159/2020,Dispensa de Licitação,PFMS 19-B/2020,788340,CAPITANIA FLUVIAL DE PORTO VELHO,Porto Velho/RO,"AQUISIÇÃO DE MATERIAL DE LIMPEZA A SER UTILIZADO EM PROL DA OPERAÇÃO COVID-19, PELA AGÊNCIA FLUVIAL DE HUMAITÁ.",3,0,1535.6000000000001
156/2020,Dispensa de Licitação,PFMS 19-B/2020,788340,CAPITANIA FLUVIAL DE PORTO VELHO,Porto Velho/RO,"AQUISIÇÃO DE MATERIAL DE LIMPEZA A SER UTILIZADO EM PROL DA OPERAÇÃO COVID-19, PELA AGÊNCIA FLUVIAL DE HUMAITÁ.",3,0,1535.6000000000001
125/2020,Dispensa de Licitação,PFMS 19-B/2020,788340,CAPITANIA FLUVIAL DE PORTO VELHO,Porto Velho/RO,"AQUISIÇÃO DE MATERIAL DE LIMPEZA A SER UTILIZADO EM PROL DA OPERAÇÃO COVID-19, PELA AGÊNCIA FLUVIAL DE HUMAITÁ.",1,0,1532
284/2020,Dispensa de Licitação,63982000281202066,795500,BASE DE FUZILEIROS NAVAIS DO RIO MERITI,Duque de Caxias/RJ,"AQUISIÇÃO DE EQUIPAMENTO PARA O CENTRO DE OPERAÇÕES DE COMBATE (COC)LOCAL DO COMANDO DO GPTOPFUZNAV- COVID-19 QUE ATUA FRENTE A PANDEMIA DA COVID-19, PARA ATENDER A DEMANDA DE MATERIAL DE INFORMÁTICA, PARTE 2  DE 2 VALOR DE 1.500,00 NO TOTAL DE 3.800,00.",1,0,1500
20/2020,Dispensa de Licitação,63070000699202056,765703,ODONTOCLINICA CENTRAL,Rio de Janeiro/RJ,PEDIDO DE SERVIÇO PARA CONFECÇÃO E INSTALAÇÃO DE ARMÁRIO SUSPENSO PARA A SALA DA CHEFIA DA CLÍNICA DE ENDODONTIA.,1,0,1430
27/2020,Dispensa de Licitação,63176000457202084,781332,DELEGACIA CAP.PORTOS EST RJ EM ITACURUCÁ,Mangaratiba/RJ,"PRESTAÇÃO DE SERVIÇO DE REVISÃO DA VIATURA ADMINISTRATIVA PLACA LMQ8D42, EMPREGADA NO PLANEJAMENTO, COORDENAÇÃO E GERENCIAMENTO DAS AÇÕES ESTRATÉGICAS DA COVID-19.  ",2,0,1401.26
35/2020,Dispensa de Licitação,63274001083202014,789101,COMANDO DO GRUP DE PAT NAVAL DO SUL SUDESTE,Santos/SP,"DESPESA COM RECARGA DE EXTINTORES, FIM PROVER A MANUTENÇÃO DA CAPACIDADE DE CONTROLE DE AVARIAS DO NPA GUAJARÁ, MANTENDO O PRONTO ATENDIMENTO DO MEIO NAS AÇÕES DE MITIGAÇÃO DOS IMPACTOS DO COVID-19.",3,0,1300
118/2020,Dispensa de Licitação,788340-0149/2020,788340,CAPITANIA FLUVIAL DE PORTO VELHO,Porto Velho/RO,AQUISIÇÃO DE MATERIAL PARA LIMPEZA ATINENTE AO COVID-19.,1,0,1281
1095/2020,Dispensa de Licitação,63033001095202029,783800,BASE NAVAL DE NATAL - RN,Natal/RN,AQUISICAO DE ALCOOL EM GEL 5L 70%.,1,0,1220
11071/2020,Dispensa de Licitação,63033011071202029,783800,BASE NAVAL DE NATAL - RN,Natal/RN,AQUISICAO DE ALCOOL GEL 5L 70%.,1,0,1123.5
36/2020,Dispensa de Licitação,63176000463202031,781332,DELEGACIA CAP.PORTOS EST RJ EM ITACURUCÁ,Mangaratiba/RJ,"CONTRATAÇÃO DE SEGURO VEICULAR DA VIATURA S10 - PLACA LLU 9855, A FIM DE CUMPRIR O DISPOSTO NA AÇÃO ORÇAMENTÁRIA 21CO - ENFRENTAMENTO DA EMERGÊNCIA DE SAÚDE PUBLICA DE IMPORTÂNCIA INTERNACIONAL DECORRENTE DO CORONAVÍRUS.",1,0,1112.42
37/2020,Dispensa de Licitação,63154000982202058,791500,COMANDO DA FORCA DE SUBMARINOS,Rio de Janeiro/RJ,OXIGÊNIO MEDICINAL,1,0,1080
33/2020,Dispensa de Licitação,63176000463202031,781332,DELEGACIA CAP.PORTOS EST RJ EM ITACURUCÁ,Mangaratiba/RJ,"CONTRATAÇÃO DE SEGURO VEICULAR DA VIATURA CORSA - PLACA LNU 7F65, A FIM DE CUMPRIR O DISPOSTO NA AÇÃO ORÇAMENTÁRIA 21CO - ENFRENTAMENTO DA EMERGÊNCIA DE SAÚDE PUBLICA DE IMPORTÂNCIA INTERNACIONAL DECORRENTE DO CORONAVÍRUS.",1,0,1063.9
35/2020,Dispensa de Licitação,63176000463202031,781332,DELEGACIA CAP.PORTOS EST RJ EM ITACURUCÁ,Mangaratiba/RJ,"CONTRATAÇÃO DE SEGURO VEICULAR DA VIATURA GOL - PLACA LMQ 8D42, A FIM DE CUMPRIR O DISPOSTO NA AÇÃO ORÇAMENTÁRIA 21CO - ENFRENTAMENTO DA EMERGÊNCIA DE SAÚDE PUBLICA DE IMPORTÂNCIA INTERNACIONAL DECORRENTE DO CORONAVÍRUS.",1,0,1063.9
34/2020,Dispensa de Licitação,63176000463202031,781332,DELEGACIA CAP.PORTOS EST RJ EM ITACURUCÁ,Mangaratiba/RJ,"CONTRATAÇÃO DE SEGURO VEICULAR DA VIATURA CLASSIC - PLACA KZD 7758, A FIM DE CUMPRIR O DISPOSTO NA AÇÃO ORÇAMENTÁRIA 21CO - ENFRENTAMENTO DA EMERGÊNCIA DE SAÚDE PUBLICA DE IMPORTÂNCIA INTERNACIONAL DECORRENTE DO CORONAVÍRUS.",1,0,1063.9
48/2020,Dispensa de Licitação,63176000394202066,781332,DELEGACIA CAP.PORTOS EST RJ EM ITACURUCÁ,Mangaratiba/RJ,"PRESTAÇÃO DE SERVIÇO DE REVISÃO DE 30.000 KM DA VIATURA ADMINISTRATIVA PLACA LMU0I67, EMPREGADA NO PLANEJAMENTO, COORDENAÇÃO E GERENCIAMENTO DAS AÇÕES ESTRATÉGICAS DO COVID-19.",1,0,1036
47/2020,Dispensa de Licitação,63176000394202066,781332,DELEGACIA CAP.PORTOS EST RJ EM ITACURUCÁ,Mangaratiba/RJ,"PRESTAÇÃO DE SERVIÇO DE REVISÃO DE 30.000 KM DA VIATURA ADMINISTRATIVA PLACA LMU0I71, EMPREGADA NO PLANEJAMENTO, COORDENAÇÃO E GERENCIAMENTO DAS AÇÕES ESTRATÉGICAS DO COVID-19.",1,0,1036
45/2020,Dispensa de Licitação,63176000394202066,781332,DELEGACIA CAP.PORTOS EST RJ EM ITACURUCÁ,Mangaratiba/RJ,"PRESTAÇÃO DE SERVIÇO DE REVISÃO DE 30.000 KM DA VIATURA ADMINISTRATIVA PLACA LMU0I67, EMPREGADA NO PLANEJAMENTO, COORDENAÇÃO E GERENCIAMENTO DAS AÇÕES ESTRATÉGICAS DO COVID-19.",1,0,1036
1995/2020,Dispensa de Licitação,63033001995202011,783800,BASE NAVAL DE NATAL - RN,Natal/RN,AQUISICAO DE ALCOOL PARA DESCONTAMINAÇÃO DE MATERIAS E INSTALAÇÕES DESTA BNN.,2,0,1010
139/2020,Dispensa de Licitação,PFMS 12-C/2020,788340,CAPITANIA FLUVIAL DE PORTO VELHO,Porto Velho/RO,"AQUISIÇÃO DE BOMBA DE PULVERIZAÇÃO COSTAL PARA UTILIZAÇÃO NO APOIO DAS ATIVIDADES DE LIMPEZA E DESINFECÇÃO EM PROL DO COMBATE AO COVID-19, DESENVOLVIDAS PELA AGÊNCIA FLUVIAL DE BOCA DO ACRE.",1,0,1000
5002/2020,Dispensa de Licitação,5.002,764200,SERVICO DE VETERANOS E PENSIONISTAS DA MARINH,Rio de Janeiro/RJ,SABONETE LÍQUIDO,1,0,998
276/2020,Dispensa de Licitação,62194002257202085,795500,BASE DE FUZILEIROS NAVAIS DO RIO MERITI,Duque de Caxias/RJ,MATERIAL SOLICITADO PELO GPTOPFUZNAV-NBQR PARA OPERAÇÃO COVID-19,1,0,996
40/2020,Dispensa de Licitação,63176000394202066,781332,DELEGACIA CAP.PORTOS EST RJ EM ITACURUCÁ,Mangaratiba/RJ,"PRESTAÇÃO DE SERVIÇO DE REVISÃO DE 30.000 KM DA VIATURA ADMINISTRATIVA PLACA LMU0I71, EMPREGADA NO PLANEJAMENTO, COORDENAÇÃO E GERENCIAMENTO DAS AÇÕES ESTRATÉGICAS DO COVID-19.",1,0,974.5
39/2020,Dispensa de Licitação,63176000394202066,781332,DELEGACIA CAP.PORTOS EST RJ EM ITACURUCÁ,Mangaratiba/RJ,"PRESTAÇÃO DE SERVIÇO DE REVISÃO DE 20.000 KM DA VIATURA ADMINISTRATIVA PLACA LMU0I71, EMPREGADA NO PLANEJAMENTO, COORDENAÇÃO E GERENCIAMENTO DAS AÇÕES ESTRATÉGICAS DO COVID-19.",1,0,974.5
38/2020,Dispensa de Licitação,63176000394202066,781332,DELEGACIA CAP.PORTOS EST RJ EM ITACURUCÁ,Mangaratiba/RJ,"PRESTAÇÃO DE SERVIÇO DE REVISÃO DE 30.000 KM DA VIATURA ADMINISTRATIVA PLACA LMU0I67, EMPREGADA NO PLANEJAMENTO, COORDENAÇÃO E GERENCIAMENTO DAS AÇÕES ESTRATÉGICAS DO COVID-19.",1,0,974.5
37/2020,Dispensa de Licitação,63176000394202066,781332,DELEGACIA CAP.PORTOS EST RJ EM ITACURUCÁ,Mangaratiba/RJ,"PRESTAÇÃO DE SERVIÇO DE REVISÃO DE 20.000 KM DA VIATURA ADMINISTRATIVA PLACA LMU0I67, EMPREGADA NO PLANEJAMENTO, COORDENAÇÃO E GERENCIAMENTO DAS AÇÕES ESTRATÉGICAS DO COVID-19.",1,0,974.5
124/2020,Dispensa de Licitação,PFMS 19-A/2020,788340,CAPITANIA FLUVIAL DE PORTO VELHO,Porto Velho/RO,"AQUISIÇÃO DE MATERIAL DE CONSUMO A SER APLICADO NO COMBATE AO COVID-19, PELA AGÊNCIA FLUVIAL DE HUMAITÁ.",8,0,964.4
46/2020,Dispensa de Licitação,63176000394202066,781332,DELEGACIA CAP.PORTOS EST RJ EM ITACURUCÁ,Mangaratiba/RJ,"PRESTAÇÃO DE SERVIÇO DE REVISÃO DE 20.000 KM DA VIATURA ADMINISTRATIVA PLACA LMU0I71, EMPREGADA NO PLANEJAMENTO, COORDENAÇÃO E GERENCIAMENTO DAS AÇÕES ESTRATÉGICAS DO COVID-19.",1,0,913
44/2020,Dispensa de Licitação,63176000394202066,781332,DELEGACIA CAP.PORTOS EST RJ EM ITACURUCÁ,Mangaratiba/RJ,"PRESTAÇÃO DE SERVIÇO DE REVISÃO DE 20.000 KM DA VIATURA ADMINISTRATIVA PLACA LMU0I67, EMPREGADA NO PLANEJAMENTO, COORDENAÇÃO E GERENCIAMENTO DAS AÇÕES ESTRATÉGICAS DO COVID-19.",1,0,913
165/2020,Dispensa de Licitação,63154001937202011,791500,COMANDO DA FORCA DE SUBMARINOS,Rio de Janeiro/RJ,MÁSCARA DESCARTÁVEL TRIPLA C/ FILTRO  C/50UN E LUVA VINIL S/TALCO TAMANHO M,2,0,899.4
51/2020,Dispensa de Licitação,63067002862202074,782700,HOSPITAL NAVAL_DE SALVADOR,Salvador/BA,"AQUISIÇÃO DE FILME PVC ESTIRÁVEL, FILME TRANSPARENTE 25 CM X 100M A SER USADO NAS ATIVIDADES DE ODONTOLOGIA PARA RETORNO DOS ATENDIMENTOS.",1,0,880.88
19902/2020,Dispensa de Licitação,63033011920202098,783800,BASE NAVAL DE NATAL - RN,Natal/RN,AQUISIÇÃO DE PROTEÇÃO EM POLIESTILENO A SER INSTALADO NO BALÇÃO DA RECEPÇÃO DA BASE NAVAL DE NATAL.,1,0,850
11920/2020,Dispensa de Licitação,63033011920202098,783800,BASE NAVAL DE NATAL - RN,Natal/RN,"AQUISICAO DE PROTECAO PARA BALCA EM POLIESTILENO COM ADESIVO VINIL E FITA DUPLA FACE, PARA INSTALACAO SOBRE O BALCAO DA RECEPCAO DESTA BNN.",1,0,850
31/2020,Dispensa de Licitação,63176000457202084,781332,DELEGACIA CAP.PORTOS EST RJ EM ITACURUCÁ,Mangaratiba/RJ,"PRESTAÇÃO DE SERVIÇO DE REVISÃO DA VIATURA ADMINISTRATIVA PLACA LMQ8D42, EMPREGADA NO PLANEJAMENTO, COORDENAÇÃO E GERENCIAMENTO DAS AÇÕES ESTRATÉGICAS DA COVID-19.  ",1,0,839.47
138/2020,Dispensa de Licitação,PFMS 12-B/2020,788340,CAPITANIA FLUVIAL DE PORTO VELHO,Porto Velho/RO,"AQUISIÇÃO DE MÁQUINA LAVADORA DE ALTA PRESSÃO PARA UTILIZAÇÃO NO APOIO DAS ATIVIDADES DE LIMPEZA E DESINFECÇÃO EM PROL DO COMBATE AO COVID-19, DESENVOLVIDAS PELA AGÊNCIA FLUVIAL DE BOCA DO ACRE.",1,0,800
117/2020,Dispensa de Licitação,788340-0153/2020,788340,CAPITANIA FLUVIAL DE PORTO VELHO,Porto Velho/RO,"AQUISIÇÃO DE DISPENSER DE ÁLCOOL EM GEL, FIM UTILIZAR NA PREVENÇÃO DO COVID-19.",1,0,780
293/2020,Dispensa de Licitação,63446001327202031,795500,BASE DE FUZILEIROS NAVAIS DO RIO MERITI,Duque de Caxias/RJ,"AQUISIÇÃO DE 3 HD EXTERNO  PARA O CENTRO DE OPERAÇÕES DE COMBATE (COC)LOCAL DO COMANDO DO GPTOPFUZNAV- COVID-19 QUE ATUA FRENTE A PANDEMIA DA COVID-19, PARA ATENDER A DEMANDA DE MATERIAL DE INFORMÁTICA, PARTE 1  DE 2 VALOR DE 718,81 NO TOTAL DE 1.257,00.",1,0,718.81
82/2020,Dispensa de Licitação,63446000464202059,795500,BASE DE FUZILEIROS NAVAIS DO RIO MERITI,Duque de Caxias/RJ,MATERIAL COM APLICAÇÃO PELO GPTOPFUZNAV QUE ATUARA FRENTE A PANDEMIA DA CONVID-19,1,0,700.8
137/2020,Dispensa de Licitação,PFMS 12-A/2020,788340,CAPITANIA FLUVIAL DE PORTO VELHO,Porto Velho/RO,"AQUISIÇÃO DE BEBEDOURO PARA UTILIZAÇÃO NO APOIO ATIVIDADES DE COMBATE AO COVID-19, DESENVOLVIDAS PELA AGÊNCIA FLUVIAL DE BOCA DO ACRE.",1,0,700
275/2020,Dispensa de Licitação,62194002008202090,795500,BASE DE FUZILEIROS NAVAIS DO RIO MERITI,Duque de Caxias/RJ,MANUTENÇÃO DE VTR DUCATO DA BFNRM QUE ESTAVA SENDO EMPREGADA PELO GPTOPFUZNAV- NBQR NA OPERAÇÃO COVID-19.,5,0,690
88/2020,Dispensa de Licitação,63446000464202059,795500,BASE DE FUZILEIROS NAVAIS DO RIO MERITI,Duque de Caxias/RJ,MATERIAL COM APLICAÇÃO PELO GPTOPFUZNAV QUE ATUARÁ FRENTE A PANDEMIA DO COVID-19,1,0,619.04
99/2020,Dispensa de Licitação,63446000464202059,795500,BASE DE FUZILEIROS NAVAIS DO RIO MERITI,Duque de Caxias/RJ,MATERIAL COM APLICAÇÃO PELO GPTOPFUZNAV QUE ATUARÁ FRENTE A PANDEMIA DO COVID-19,1,0,619.04
80/2020,Dispensa de Licitação,63446000464202059,795500,BASE DE FUZILEIROS NAVAIS DO RIO MERITI,Duque de Caxias/RJ,MATERIAL APLICAÇÃO PELO GPTOFUZNAV QUE ATUARÁ FRENTE A PANDEMIA DA CCOVID-19,3,0,597.44
32/2020,Dispensa de Licitação,63176000457202084,781332,DELEGACIA CAP.PORTOS EST RJ EM ITACURUCÁ,Mangaratiba/RJ,"PRESTAÇÃO DE SERVIÇO DE REVISÃO DA VIATURA ADMINISTRATIVA PLACA LMQ8D42, EMPREGADA NO PLANEJAMENTO, COORDENAÇÃO E GERENCIAMENTO DAS AÇÕES ESTRATÉGICAS DA COVID-19.  ",1,0,561.79
128/2020,Dispensa de Licitação,788340-164/2020,788340,CAPITANIA FLUVIAL DE PORTO VELHO,Porto Velho/RO,AQUISIÇÃO DE MATERIAL DE PROTEÇÃO EM PROL DO COMBATE A COVID-19.,2,0,551.65
181/2020,Dispensa de Licitação,788340-00181/2020,788340,CAPITANIA FLUVIAL DE PORTO VELHO,Porto Velho/RO,"AQUISIÇÃO DE MATERIAL DE LIMPEZA E HIGIENE PARA SEREM EMPREGADOS NO COMBATE A PANDEMIA COVID-19, PELA CFPV.",3,0,551
49/2020,Dispensa de Licitação,63446000464202059,795500,BASE DE FUZILEIROS NAVAIS DO RIO MERITI,Duque de Caxias/RJ,MATERIAL COM APLICAÇÃO PELO GPTOPFUZNAV QUE ATUARÁ FRENTE A PANDEMIA DA COVID-19.,1,0,545.4
294/2020,Dispensa de Licitação,63446001327202031,795500,BASE DE FUZILEIROS NAVAIS DO RIO MERITI,Duque de Caxias/RJ,"AQUISIÇÃO DE 3 HD EXTERNO  PARA O CENTRO DE OPERAÇÕES DE COMBATE (COC)LOCAL DO COMANDO DO GPTOPFUZNAV- COVID-19 QUE ATUA FRENTE A PANDEMIA DA COVID-19, PARA ATENDER A DEMANDA DE MATERIAL DE INFORMÁTICA, PARTE 2  DE 2 VALOR DE 538,19 NO TOTAL DE 1.257,00.",1,0,538.19
39/2020,Dispensa de Licitação,63026.003515/2020,781330,CAPITANIA DOS PORTOS_DO EST DO RIO DE JANEIRO,Rio de Janeiro/RJ,"AQUISIÇÃO DE RÁDIO PORTÁTIL DE COMUNICAÇÃO NECESSÁRIO PARA CAPITANIA DOS PORTOS DO RIO DE JANEIRO NA OPERACIONALIZAÇÃO DO CENTRO DE COORDENAÇÃO E CONTROLE DA AUTORIDADE MARÍTIMA (CCCAM), DURANTE AS AÇÕES DE ENFRENTAMENTO DA PANDEMIA DO COVID-19, ADEQUANDO O SETOR ÀS ATIVIDADES DESENVOLVIDAS DURANTE AS OPERAÇÕES CONJUNTAS ENTRE ÓRGÃOS EXTRA-MARINHA.",1,0,532.5
183/2020,Dispensa de Licitação,63106001047202084,795500,BASE DE FUZILEIROS NAVAIS DO RIO MERITI,Duque de Caxias/RJ,"BALDE GRADUADO ",1,0,520
129/2020,Dispensa de Licitação,63154001692202021,791500,COMANDO DA FORCA DE SUBMARINOS,Rio de Janeiro/RJ,OXÍMETRO DE DEDO G.TECH OXILED S/CURVA,1,0,499.8
185/2020,Dispensa de Licitação,63106001068202011,795500,BASE DE FUZILEIROS NAVAIS DO RIO MERITI,Duque de Caxias/RJ,BOMBONA GRADUADA,1,0,450
296/2020,Dispensa de Licitação,63446001327202031,795500,BASE DE FUZILEIROS NAVAIS DO RIO MERITI,Duque de Caxias/RJ,"AQUISIÇÃO DE 1 HD EXTERNO  PARA O CENTRO DE OPERAÇÕES DE COMBATE (COC)LOCAL DO COMANDO DO GPTOPFUZNAV- COVID-19 QUE ATUA FRENTE A PANDEMIA DA COVID-19, PARA ATENDER A DEMANDA DE MATERIAL DE INFORMÁTICA, NO VALOR DE 419,00.",1,0,419
182/2020,Dispensa de Licitação,63106001045202095,795500,BASE DE FUZILEIROS NAVAIS DO RIO MERITI,Duque de Caxias/RJ,BALDE GRADUADO COM 12LITROS,1,0,360
132/2020,Dispensa de Licitação,63154001695202065,791500,COMANDO DA FORCA DE SUBMARINOS,Rio de Janeiro/RJ,APARELHO DE PRESSÃO MANUAL PREMIUM COM ESTETO AZ,1,0,359.6
127/2020,Dispensa de Licitação,788340-163/2020,788340,CAPITANIA FLUVIAL DE PORTO VELHO,Porto Velho/RO,AQUISIÇÃO DE MATERIAL DE PROTEÇÃO EM PROL DO COMBATE A COVID-19.,1,0,310
168/2020,Dispensa de Licitação,63154001934202087,791500,COMANDO DA FORCA DE SUBMARINOS,Rio de Janeiro/RJ,LUVA NITRIFICA PRETA CAIXA COM 100UN - QUANTIDADE 5 CAIXAS,1,0,290
81/2020,Dispensa de Licitação,63446000464202059,795500,BASE DE FUZILEIROS NAVAIS DO RIO MERITI,Duque de Caxias/RJ,MATERIAL COM APLICAÇÃO PELO GPTOPFUZNAV QUE ATUARA FRENTE A PANDEMIA DA COVID-19,1,0,275.4
128/2020,Dispensa de Licitação,63154001691202087,791500,COMANDO DA FORCA DE SUBMARINOS,Rio de Janeiro/RJ,COLETE RESGATE  TIPO KED ADULT VIDA RESG (COLETE ESTABILIZADOR),1,0,259
34/2020,Dispensa de Licitação,63446000464202059,795500,BASE DE FUZILEIROS NAVAIS DO RIO MERITI,Duque de Caxias/RJ,MATERIAL DESTINADO AO COMBATE DA COVID-19,1,0,137.7
48/2020,Dispensa de Licitação,63446000464202059,795500,BASE DE FUZILEIROS NAVAIS DO RIO MERITI,Duque de Caxias/RJ,MATERIAL COM APLICAÇÃO PELO GPTOPFUZNAV QUE ATUARÁ FRENTE A PANDEMIA DA COVID-19.,1,0,123.93
189/2020,Dispensa de Licitação,63106.001069/2020,795500,BASE DE FUZILEIROS NAVAIS DO RIO MERITI,Duque de Caxias/RJ,SACO DE LIXO COLORIDOS PARA UTILIZAÇÃO NO COVID19,3,0,43.019999999999996